Src,Eqid,Version,Lat,Lon,Magnitude,Depth,NST,Region
nc,71920701,1,38.7865,-122.763,1.5,1.1,27,Northern California
nc,71920696,0,40.3742,-122.112,1.5,10.6,9,Northern California
nc,71920686,1,38.8083,-122.8227,1.2,2.3,24,Northern California
ci,15272537,0,33.3733,-117.1703,1.3,14.4,17,Southern California
ak,10637537,1,60.6897,-141.662,1.9,32.4,12,Southern Alaska
ak,10637523,2,61.6978,-147.0048,3,20.1,63,Southern Alaska
ci,15272529,0,33.5647,-117.4513,1.9,0,13,Southern California
nc,71920666,1,38.8215,-122.7937,1.4,3.1,34,Northern California
ak,10637498,1,60.9345,-152.0231,2.1,77.8,12,Southern Alaska
us,b000emzu,6,-2.9911,129.8079,5.3,7.3,185,"Seram, Indonesia"
ci,15272505,0,33.4792,-116.5317,1.5,15.6,84,Southern California
ak,10637473,1,61.3581,-146.5506,1.6,26.3,5,Southern Alaska
nc,71920611,0,38.7593,-122.8752,1,4.2,12,Northern California
ci,15272489,0,34.3395,-116.8795,1.5,2.1,47,Southern California
uw,60491097,2,47.6203,-120.2687,2.2,1.3,11,Washington
nn,399504,9,40.3547,-119.8444,1.2,9.7,13,Nevada
ak,10637451,2,63.059,-151.509,1.2,7.8,12,Central Alaska
ak,10637449,1,61.1542,-146.9559,1.6,14.4,6,Southern Alaska
ak,10637445,1,62.0575,-145.1307,1.5,20.4,5,Central Alaska
ak,10637443,1,63.9257,-150.3212,1.7,0,13,Central Alaska
pr,13012030,0,19.694,-64.2605,3.4,42,11,Virgin Islands region
us,b000emxv,6,-53.1139,-46.971,5.1,14.5,57,South Atlantic Ocean
pr,13012031,0,19.1713,-64.2201,3.5,100,6,Virgin Islands region
pr,13012023,0,19.6054,-64.277,3.3,73,13,Virgin Islands region
ak,10637436,1,62.2383,-145.823,1.7,3.9,8,Central Alaska
pr,13012029,0,19.1165,-64.0651,3.1,107,3,Virgin Islands region
us,b000emxh,7,47.4002,153.4391,5.3,35,390,Kuril Islands
ak,10637419,1,63.2477,-149.9867,1.8,104.8,16,Central Alaska
ak,10637414,1,65.3816,-144.2587,1.8,0,9,northern Alaska
ak,10637412,1,60.1743,-149.6982,1.8,0.4,4,"Kenai Peninsula, Alaska"
us,b000emx7,6,23.9843,122.3449,4.8,28,52,Taiwan region
pr,13012026,0,19.1965,-64.233,2.7,97,3,Virgin Islands region
ci,15272473,0,33.3055,-116.3712,1.2,8,42,Southern California
ak,10637405,1,63.4365,-150.2296,1.5,2.2,9,Central Alaska
pr,13012025,0,19.4382,-64.2185,3.2,96,6,Virgin Islands region
us,b000emx0,4,37.2599,144.7667,4.6,35,37,"off the east coast of Honshu, Japan"
ak,10637401,2,61.5165,-150.0174,1.3,38.8,20,Southern Alaska
pr,13012017,0,19.5415,-64.3,3.4,79,13,Virgin Islands region
pr,13012020,0,19.5941,-64.5438,2.9,62,4,Virgin Islands region
ak,10637397,2,60.0129,-152.7821,2.1,106,25,Southern Alaska
pr,13012018,0,19.5123,-64.3517,2.6,62,3,Virgin Islands region
pr,13012028,0,19.531,-64.1287,2.8,77,3,Virgin Islands region
pr,13012027,0,19.496,-64.2149,2.9,75,4,Virgin Islands region
ci,15272457,0,33.6152,-116.8485,1.4,16.8,67,Southern California
us,b000emwn,8,43.631,-127.3821,4.3,10.1,151,off the coast of Oregon
pr,13012022,0,19.68,-64.483,3.2,19,7,Virgin Islands region
nc,71920426,1,38.8128,-122.8263,2.4,2.6,45,Northern California
nc,71920421,0,35.5438,-120.875,1.3,3.1,15,Central California
ak,10637380,1,61.6016,-147.9368,1.6,28.5,12,Southern Alaska
ci,15272441,0,33.3032,-116.2992,1.8,10.9,111,Southern California
ak,10637376,2,62.8658,-150.4734,1.3,83.7,15,Central Alaska
pr,13012019,0,18.2973,-66.7748,1.9,2,4,Puerto Rico
pr,13012021,0,19.462,-64.146,2.8,89,4,Virgin Islands region
us,b000emwj,4,-18.8784,169.2104,4.7,212.6,92,Vanuatu
pr,13012024,0,19.339,-67.5385,3.2,31,7,Puerto Rico region
pr,13012015,0,19.6905,-64.2429,2.8,14,3,Virgin Islands region
pr,13012014,0,19.634,-64.3,2.6,17,3,Virgin Islands region
ak,10637363,1,61.7933,-147.3895,1.5,36.1,15,Southern Alaska
ak,10637362,1,57.8248,-155.6121,2,13.5,6,Alaska Peninsula
nc,71920371,0,38.7772,-122.725,1.2,2.7,16,Northern California
pr,13012016,0,19.5946,-64.3373,2.7,57,4,Virgin Islands region
us,b000emw0,8,-2.0732,138.859,5,44.3,53,"Papua, Indonesia"
pr,13012013,0,19.6835,-64.2515,3.4,43,7,Virgin Islands region
nc,71920356,0,38.8275,-122.8515,1.2,2.4,21,Northern California
pr,13012012,0,19.455,-64.1829,3,71,4,Virgin Islands region
pr,13012011,0,19.4696,-64.3031,2.7,66,3,Virgin Islands region
ak,10637352,2,51.2826,-178.4394,2.7,23.2,12,"Andreanof Islands, Aleutian Islands, Alaska"
nn,399494,9,38.4983,-117.8978,1.4,14.7,7,Nevada
pr,13012009,0,19.4549,-64.2567,3,76,3,Virgin Islands region
nn,399493,9,39.2154,-120.0644,1.2,7.9,16,Northern California
nc,71920331,0,39.2082,-120.0767,1.6,4.5,13,Northern California
ci,15272417,0,34.102,-117.3158,2.4,16.3,178,"Greater Los Angeles area, California"
pr,13012010,0,19.7038,-64.2546,2.6,24,3,Virgin Islands region
uw,60490977,1,49.015,-122.1998,1.6,14,10,"British Columbia, Canada"
ak,10637337,2,63.4157,-150.199,1.4,112.8,18,Central Alaska
nc,71920316,1,38.8208,-122.7605,2.1,2.2,39,Northern California
ci,15272409,0,34.5323,-118.1627,1.4,10.5,23,Southern California
pr,13012008,0,19.5396,-64.2994,3,55,5,Virgin Islands region
ak,10637331,2,63.7844,-149.2048,1.2,115.7,16,Central Alaska
pr,13012007,0,19.2245,-64.1782,3,91,3,Virgin Islands region
pr,13012005,0,19.652,-64.4291,3.2,27,8,Virgin Islands region
pr,13012004,0,19.7028,-64.2526,3.4,51,17,Virgin Islands region
pr,13012006,0,19.6021,-64.2734,2.9,60,5,Virgin Islands region
pr,13012003,0,19.742,-64.2549,3.9,29,13,Virgin Islands region
uw,60490967,1,43.539,-121.6613,1.2,0,11,Oregon
pr,13012002,0,19.677,-64.4424,4.5,33,18,Virgin Islands region
ak,10637321,1,63.2746,-151.7756,2.1,4.9,16,Central Alaska
ak,10637315,1,62.8882,-148.832,1.1,96.8,12,Central Alaska
ak,10637313,1,64.4118,-146.9348,1.1,6.6,7,Central Alaska
ci,15272393,0,33.281,-116.781,1,11.5,48,Southern California
nc,71920256,0,38.7602,-122.7425,1.2,3.3,18,Northern California
uw,60490962,1,47.8762,-121.6547,1.1,12.1,10,Washington
ak,10637302,2,60.2866,-152.309,2.2,86.6,43,Southern Alaska
ak,10637295,1,61.0789,-146.0751,2.2,38.6,8,Southern Alaska
ci,15272385,0,33.3925,-116.367,1.1,5,34,Southern California
us,b000emtd,6,31.8467,50.9603,5.4,10,206,western Iran
ak,10637286,1,59.9348,-151.387,1.9,106.3,14,"Kenai Peninsula, Alaska"
uw,60490952,1,44.7133,-117.3547,1.2,13.1,6,Oregon
nc,71920231,0,39.3352,-122.8375,1.9,8.6,20,Northern California
ci,15272377,0,34.0397,-116.734,1,13.3,41,Southern California
pr,13012001,0,19.4976,-64.2155,3.2,71,7,Virgin Islands region
ak,10637276,1,63.8357,-149.1697,1.5,10.8,9,Central Alaska
nc,71920226,1,38.8137,-122.8272,1,2.9,24,Northern California
ak,10637259,1,62.9239,-150.8806,1.8,75.3,29,Central Alaska
ak,10637248,1,64.6851,-149.2481,1.9,0.1,11,Central Alaska
ak,10637245,1,64.7314,-149.2436,1.4,18.2,10,Central Alaska
ci,15272345,0,34.04,-116.7415,1.6,11.5,71,Southern California
ak,10637232,2,52.1313,-174.7922,2.2,96.6,13,"Andreanof Islands, Aleutian Islands, Alaska"
pr,13012000,0,19.1837,-64.7242,3,64,8,Virgin Islands region
nc,71920176,0,38.8315,-122.7975,1,2.2,18,Northern California
ak,10637215,1,65.0128,-147.3312,1.6,0.1,14,northern Alaska
ak,10637210,1,60.7414,-151.6045,1.7,88.5,6,"Kenai Peninsula, Alaska"
ci,15272337,0,33.498,-117.2227,1.5,18.6,17,Southern California
nc,71920166,2,37.503,-118.8128,1,8,23,Central California
pr,13011009,0,19.7198,-64.3291,3.1,47,6,Virgin Islands region
pr,13011007,0,19.118,-65.1791,3.1,82,6,Puerto Rico region
ak,10637185,1,62.2514,-150.0237,1.7,34,14,Central Alaska
uw,60490937,1,49.386,-120.4967,2.5,0,9,"British Columbia, Canada"
mb,13325617,2,47.4516,-115.967,1.5,2,11,northern Idaho
ak,10637180,1,60.2969,-152.1891,1.4,74.6,7,Southern Alaska
nc,71920121,1,38.7867,-122.7635,1.2,1.9,22,Northern California
pr,13011008,0,19.054,-64.0481,3.2,101,6,Virgin Islands region
nc,71920116,4,36.8863,-121.6098,1.4,0,12,Central California
nc,71920111,0,38.8237,-122.7905,1.1,3.1,21,Northern California
ak,10637171,2,51.4782,-175.9847,1.9,22.7,11,"Andreanof Islands, Aleutian Islands, Alaska"
ak,10637163,2,51.6564,-175.7708,2.9,45.2,17,"Andreanof Islands, Aleutian Islands, Alaska"
uw,60490917,1,46.9453,-119.0548,1.5,0,14,Washington
ci,15272329,0,33.5072,-116.5112,1.6,14.3,64,Southern California
us,b000emif,6,15.5017,-91.6299,4.9,229.3,285,Guatemala
ci,15272321,0,33.4988,-116.512,1.1,14.9,43,Southern California
nc,71920066,0,38.8307,-122.7577,1.2,1.9,18,Northern California
hv,60449346,1,19.2785,-155.2093,1.7,6.5,18,"Island of Hawaii, Hawaii"
ci,15272313,0,33.4443,-116.609,1.6,0.2,12,Southern California
ak,10637144,1,63.1424,-151.3216,2.4,0,26,Central Alaska
ak,10637137,1,63.0181,-151.461,1.8,2.5,12,Central Alaska
ak,10637132,1,63.3007,-151.5672,2.4,0.1,23,Central Alaska
hv,60449326,1,19.2973,-155.2148,2,4.4,23,"Island of Hawaii, Hawaii"
nc,71920031,1,38.8225,-122.808,1.4,3.2,23,Northern California
ak,10637123,2,59.6461,-133.7324,1.5,5,7,"British Columbia, Canada"
hv,60449321,2,19.2905,-155.2125,2.5,8.4,40,"Island of Hawaii, Hawaii"
nc,71920011,2,36.9663,-121.6232,1.3,5.2,25,Northern California
pr,13011005,0,18.2075,-67.832,2.9,11,6,"Mona Passage, Puerto Rico"
ak,10637109,1,59.9897,-141.5598,2.1,26.4,7,Southeastern Alaska
ak,10637096,2,59.6817,-153.4843,2.6,124.9,50,Southern Alaska
us,b000emgd,6,52.1713,-170.8039,3.5,28.3,0,"Fox Islands, Aleutian Islands, Alaska"
ci,15272273,0,33.3565,-116.3953,1.3,14.6,52,Southern California
ci,15272265,0,33.8333,-117.2058,1.3,3.6,11,"Greater Los Angeles area, California"
ak,10637078,1,64.8808,-151.4919,1.7,0.1,6,Central Alaska
pr,13011006,0,19.0077,-65.1716,2.9,81,4,Puerto Rico region
ci,15272257,0,32.6497,-115.7083,1.8,8.5,23,Southern California
ak,10637070,1,62.0607,-147.7666,1.7,28.8,13,Central Alaska
us,b000emck,8,14.8825,-92.6111,5.1,90.4,99,"offshore Chiapas, Mexico"
ak,10637060,1,61.4439,-151.2077,2.1,2.2,16,Southern Alaska
ak,10637058,2,62.2294,-148.8292,1.2,14.4,18,Central Alaska
nc,71919871,2,35.831,-120.5978,1.1,11.1,36,Central California
ak,10637055,1,63.2475,-150.8578,1.6,140.8,16,Central Alaska
ak,10637036,2,62.5014,-151.3634,4.1,89.9,84,Central Alaska
nc,71919846,0,38.8372,-122.783,1.1,1.7,16,Northern California
ak,10637029,1,61.6353,-149.7741,1.6,48.7,12,Southern Alaska
nc,71919836,0,38.84,-122.7827,1.1,1.7,11,Northern California
ci,15272233,0,32.9867,-116.0808,2,59.9,17,Southern California
pr,13011004,0,19.4482,-64.2563,3,86,5,Virgin Islands region
ak,10637019,1,62.1491,-145.3088,1.9,6.6,17,Central Alaska
ak,10637015,1,61.5442,-150.435,1.7,42.6,8,Southern Alaska
ak,10637013,1,62.0024,-149.1678,1.4,16.4,8,Central Alaska
us,b000emaq,5,-1.9486,68.1938,4.7,9.8,30,Carlsberg Ridge
nc,71919776,1,38.836,-122.8265,1.4,2.3,28,Northern California
ci,15272225,0,33.4643,-116.4963,1.4,14.2,64,Southern California
ci,15272217,0,33.3658,-116.1862,1.9,0.1,17,Southern California
ci,15272193,0,33.4658,-116.4932,1.9,15.4,82,Southern California
ci,15272201,0,33.4607,-116.4965,1.9,15.4,26,Southern California
ci,15272185,0,33.466,-116.498,1.1,13,40,Southern California
ci,15272177,0,33.2767,-116.786,1.3,13.2,66,Southern California
ci,15272169,0,33.203,-116.4305,1.6,18.7,17,Southern California
nc,71919726,1,38.814,-122.795,1.3,3.4,25,Northern California
nc,71919711,0,39.7813,-123.5583,1.7,8.9,6,Northern California
uw,60490892,2,47.7673,-122.9883,1,46,21,"Olympic Peninsula, Washington"
ak,10636985,1,63.8442,-149.15,1.6,7.1,11,Central Alaska
nc,71919701,6,39.7808,-123.5667,3.3,9.3,33,Northern California
ci,15272161,0,34.5743,-116.2452,1.7,1.8,31,Southern California
ak,10636979,2,55.5483,-135.108,3.4,20,20,off the coast of Southeastern Alaska
ci,15272153,0,34.0033,-116.79,1.2,20,47,Southern California
ak,10636970,1,63.9428,-148.975,1.6,0.1,20,Central Alaska
nc,71919691,2,38.0647,-122.141,1.3,5.8,28,"San Francisco Bay area, California"
us,b000em8t,7,-17.2776,-177.3852,4.8,388.5,310,Fiji region
pr,13011003,0,19.5795,-64.4359,3.3,7,9,Virgin Islands region
nc,71919681,2,37.5727,-119.0003,1.7,3.4,33,Central California
nc,71919676,2,37.5767,-119.0002,1.3,3.8,27,Central California
us,b000em8m,9,13.349,92.3832,5,34.2,64,"Andaman Islands, India region"
ci,15272145,0,32.2308,-115.242,2.8,41.8,19,"Baja California, Mexico"
ci,15272129,0,33.0263,-116.4342,1.3,5.1,47,Southern California
nc,71919646,3,37.5595,-118.4598,2.5,10.1,35,Central California
nc,71919631,2,38.8263,-122.7823,1.2,2.3,45,Northern California
us,b000em7w,7,-9.5025,114.7122,4.4,75.6,51,"south of Bali, Indonesia"
hv,60449196,1,19.3658,-155.4107,1.8,13.5,33,"Island of Hawaii, Hawaii"
ci,15272113,0,32.7702,-116.7935,1.2,9,12,Southern California
ci,15272105,0,33.3288,-116.3052,1.3,11.5,37,Southern California
ak,10636938,1,61.5928,-148.301,1.5,17.8,13,Southern Alaska
nc,71919581,0,38.828,-122.8513,1.4,1.9,20,Northern California
us,b000em73,9,-39.31,173.69,4.6,11,0,off the west coast of the North Island of New Zealand
ci,15272097,2,35.5685,-118.5297,2,2,59,Central California
ak,10636919,2,59.5849,-149.8033,2,3,38,"Kenai Peninsula, Alaska"
ak,10636912,2,63.0616,-151.4558,1.2,7.3,16,Central Alaska
ak,10636913,2,60.0179,-147.4076,1.6,7.3,16,Southern Alaska
ci,15272089,2,34.1013,-116.757,1.5,11.8,77,Southern California
ak,10636907,1,63.3062,-145.3859,2,0.6,9,Central Alaska
nc,71919551,1,40.2985,-124.3592,2.4,15.4,18,offshore Northern California
pr,13011002,0,19.6882,-64.355,2.9,51,5,Virgin Islands region
ak,10636895,1,65.2463,-150.2832,1.5,1.4,9,northern Alaska
nc,71919531,0,38.8418,-122.8303,1.1,2.4,16,Northern California
nc,71919521,0,38.8432,-122.8288,1,1.8,20,Northern California
uw,60490732,1,43.8103,-121.3897,1.5,0.1,12,Oregon
ak,10636885,1,63.4985,-151.272,1.1,6.3,5,Central Alaska
ak,10636872,1,64.0388,-149.1746,1.3,3.9,9,Central Alaska
ak,10636871,1,61.1353,-146.9852,1.5,10.5,7,Southern Alaska
nc,71919501,2,36.4985,-121.0762,1.3,4.7,27,Central California
ak,10636512,2,60.0369,-152.8841,2.2,113.9,36,Southern Alaska
nm,011113a,B,37.7136,-88.8972,2.7,16,38,Illinois
pr,13011001,0,19.3003,-64.4197,3.4,79,9,Virgin Islands region
ak,10636503,1,61.687,-149.538,1.7,29.4,24,Southern Alaska
nc,71919486,1,38.8593,-122.803,1.6,1.9,26,Northern California
ci,15272073,2,33.6967,-116.7038,1.1,20.4,41,Southern California
ak,10636404,1,62.0483,-148.6442,1.4,34.9,11,Central Alaska
ci,15272065,2,34.3655,-116.4603,1.7,3.5,48,Southern California
pr,13011000,0,18.9202,-64.8837,3.2,11,18,Virgin Islands region
ak,10636309,2,53.7782,-165.0307,2.2,45,16,"Fox Islands, Aleutian Islands, Alaska"
nc,71919471,2,36.7552,-120.8772,1.5,2.5,22,Central California
ci,15272057,2,35.5742,-118.5327,1.3,2.5,19,Central California
ak,10636273,1,63.3381,-149.3558,1.3,5.3,14,Central Alaska
ak,10636270,1,60.5177,-151.8291,2.1,16.4,6,"Kenai Peninsula, Alaska"
hv,60449051,1,19.3842,-155.2417,2,3.2,14,"Island of Hawaii, Hawaii"
us,b000em0n,7,39.6307,25.5102,4.3,5.8,73,Aegean Sea
hv,60449046,5,19.2423,-156.0513,3.1,47.4,60,"Hawaii region, Hawaii"
nc,71919441,0,38.8127,-122.8258,1,2.5,18,Northern California
nc,71919436,2,37.1265,-121.5265,1.2,7.4,27,Northern California
ak,10636258,1,65.0083,-147.3248,1.3,6.4,8,northern Alaska
nc,71919416,2,35.786,-120.3217,1.3,4.2,51,Central California
us,b000elzd,4,28.9183,67.5354,4.2,10,21,Pakistan
nn,399345,9,37.364,-117.1411,1.6,0,15,Nevada
pr,13010019,0,19.6543,-64.3281,3.3,58,7,Virgin Islands region
ak,10636246,1,63.2577,-150.4425,1.3,131.3,10,Central Alaska
ak,10636244,2,63.5421,-150.1679,1.3,134.9,14,Central Alaska
pr,13010021,0,18.3558,-63.7252,3.3,84,10,"Anguilla region, Leeward Islands"
hv,60449011,1,19.4422,-155.4382,2,10.6,22,"Island of Hawaii, Hawaii"
nn,399336,9,40.745,-118.7925,1.8,22.8,5,Nevada
ci,15272041,2,32.6275,-116.7225,1.8,20,35,Southern California
ak,10636222,1,61.6069,-151.8689,2,97.7,19,Southern Alaska
nc,71919376,2,37.5013,-118.9933,1.2,7.1,23,Central California
ak,10636209,1,60.8076,-152.3657,2.2,109.3,10,Southern Alaska
hv,60449006,2,19.3905,-155.2507,2.4,3.4,23,"Island of Hawaii, Hawaii"
ak,10636202,1,62.0294,-148.89,1.3,38.6,5,Central Alaska
nc,71919351,1,38.7945,-122.808,1.4,3.3,21,Northern California
us,b000elxf,6,-16.5607,175.2498,5,66.2,177,Fiji region
pr,13010030,0,19.524,-64.3052,3.3,82,6,Virgin Islands region
ak,10636182,1,63.976,-148.7766,1.7,0,19,Central Alaska
pr,13010018,0,19.6457,-64.4141,3.3,20,10,Virgin Islands region
us,b000elwi,5,37.3452,143.6737,4.5,34.5,35,"off the east coast of Honshu, Japan"
ak,10636013,1,61.2209,-152.1704,2.6,103.3,41,Southern Alaska
pr,13010029,0,19.5317,-64.4097,3.1,10,5,Virgin Islands region
nc,71919276,2,37.5768,-119.0035,1.5,4.7,15,Central California
nc,71919271,0,38.8328,-122.7913,1,2.5,15,Northern California
ak,10636004,1,63.0613,-151.5307,1,10.8,5,Central Alaska
pr,13010027,0,19.5121,-64.277,2.8,58,4,Virgin Islands region
pr,13010020,0,19.4913,-64.3028,3.4,67,9,Virgin Islands region
nc,71919256,2,37.5717,-119.0058,1.4,5.5,14,Central California
ak,10635982,1,67.2067,-145.736,3.2,2.8,20,northern Alaska
ak,10635979,2,60.8696,-151.5188,1.4,63.4,13,"Kenai Peninsula, Alaska"
nn,399274,9,39.3289,-117.8776,1.6,4,8,Nevada
ci,15272017,2,35.0458,-118.3173,1.3,0,9,Southern California
pr,13010023,0,19.4876,-64.39,3.2,9,3,Virgin Islands region
pr,13010022,0,19.3561,-64.0562,2.6,97,3,Virgin Islands region
ak,10635958,2,51.3287,-178.4898,2.3,25.6,14,"Andreanof Islands, Aleutian Islands, Alaska"
pr,13010017,0,19.7401,-64.3876,3.2,12,6,Virgin Islands region
mb,13428844,2,46.05,-111.4178,1.5,13.5,12,western Montana
ak,10635950,1,60.7913,-147.2128,2.3,14.5,12,Southern Alaska
ak,10635941,1,63.4285,-147.5692,1.2,17.6,6,Central Alaska
nc,71919306,2,37.6628,-119.383,1,7.5,12,Central California
ci,15271985,2,33.916,-116.7883,1.5,17.9,69,Southern California
pr,13010028,0,19.3351,-64.24,2.7,97,3,Virgin Islands region
ak,10635929,1,62.5456,-151.5029,2.5,120,35,Central Alaska
pr,13010026,0,18.933,-65.042,2.8,42,4,Virgin Islands region
hv,60448956,2,19.3633,-155.2255,2.1,3.1,17,"Island of Hawaii, Hawaii"
pr,13010016,0,19.638,-64.4233,3.1,28,9,Virgin Islands region
ci,15271961,2,33.8888,-116.8765,1.5,16.4,61,Southern California
ak,10635910,2,52.2296,-170.4509,4.6,13.2,27,"Fox Islands, Aleutian Islands, Alaska"
ak,10635903,2,62.6865,-148.7222,1.2,55.1,23,Central Alaska
pr,13010025,0,19.4165,-64.3917,3.2,76,3,Virgin Islands region
ci,15271953,4,32.8532,-116.2683,1.3,14,23,Southern California
nc,71919111,2,37.7493,-122.1572,1.4,8.6,12,"San Francisco Bay area, California"
pr,13010024,0,19.4717,-64.212,3.2,76,5,Virgin Islands region
ak,10635878,1,60.9778,-151.2386,2.3,21.4,31,"Kenai Peninsula, Alaska"
pr,13010015,0,19.6709,-64.3455,4.9,24,24,Virgin Islands region
us,b000elnj,6,-10.8874,161.9623,5.1,57,71,Solomon Islands
ak,10635868,1,59.9094,-150.7843,1.3,0,6,"Kenai Peninsula, Alaska"
nc,71919066,3,40.3197,-123.7495,2.8,22.7,30,Northern California
pr,13010014,0,18.9876,-65.1074,3.2,25,12,Virgin Islands region
ci,15271945,2,35.142,-118.7213,2.3,2.3,48,Central California
ak,10635860,1,59.9338,-140.1545,2.8,8.7,15,Southeastern Alaska
mb,13902693,2,47.9083,-114.1295,1.7,6.9,14,western Montana
ak,10635854,1,59.972,-140.0961,3.3,6.5,23,Southeastern Alaska
hv,60448921,1,19.1385,-155.2315,2,22.8,35,"Island of Hawaii, Hawaii"
nc,71919046,1,38.7902,-122.761,1.6,2.1,31,Northern California
ci,15271929,2,34.1317,-117.0135,2.2,12.3,117,Southern California
ci,15271921,2,33.2753,-116.7833,1.2,13.4,53,Southern California
nc,71918991,2,36.7845,-121.0873,1,5.4,19,Central California
us,b000eljx,C,16.7254,-85.949,4.5,35.9,40,offshore Honduras
pr,13010013,0,19.2075,-67.9192,2.9,12,3,Dominican Republic region
pr,13010012,0,18.1116,-68.341,3.1,124,5,"Mona Passage, Dominican Republic"
pr,13010011,0,19.0692,-68.0988,3.1,103,8,Dominican Republic region
us,b000elju,7,4.7537,95.1327,5.8,35.1,132,"northern Sumatra, Indonesia"
ak,10635830,1,61.0761,-148.1805,1.4,29.6,8,Southern Alaska
ak,10635817,1,61.9212,-151.5984,2.5,84.7,38,Southern Alaska
ak,10635810,2,58.4197,-156.5708,3.1,201.5,64,Alaska Peninsula
ak,10635803,2,52.2391,-169.9235,3.2,9.3,7,"Fox Islands, Aleutian Islands, Alaska"
ak,10635802,2,51.2262,-178.0385,1.9,18.2,10,"Andreanof Islands, Aleutian Islands, Alaska"
nc,71918966,2,36.4978,-121.0758,1.5,4.2,30,Central California
us,b000elj7,9,37.5607,141.2686,4.9,53.3,253,"near the east coast of Honshu, Japan"
ci,15271889,2,33.9593,-117.0578,1.9,18.8,120,Southern California
nc,71918951,2,36.4992,-121.0738,1.2,4.5,23,Central California
nc,71918946,2,37.5763,-119.0025,1.5,4,15,Central California
nc,71918936,4,36.4977,-121.0748,1.2,4.7,22,Central California
ak,10635788,2,59.9363,-153.4649,2.5,121.2,62,Southern Alaska
nc,71918931,2,39.2678,-123.2215,2.1,5.4,29,Northern California
ak,10635783,1,62.2814,-147.5222,1.2,19.5,9,Central Alaska
ak,10635781,1,59.1075,-154.3354,2.2,40.1,8,Southern Alaska
ak,10635780,2,60.1026,-149.4182,1.7,35.5,20,"Kenai Peninsula, Alaska"
nc,71918911,2,36.7372,-121.398,1,8.8,18,Central California
nc,71918906,2,37.5708,-118.8343,1.2,6.8,29,Central California
nc,71918896,0,38.8395,-122.8282,1.1,2.4,21,Northern California
ak,10635774,2,49.6911,-178.6317,3.1,38.7,14,south of the Aleutian Islands
ci,15271873,2,33.0655,-115.6203,1.4,7.3,44,Southern California
ak,10635770,1,61.2481,-151.233,1.6,67.4,15,Southern Alaska
pr,13010010,0,19.974,-64.2201,3.2,10,9,north of the Virgin Islands
ak,10635760,1,65.4808,-149.9804,1.6,11.3,11,northern Alaska
nc,71918881,2,37.1397,-121.574,1.3,4.7,35,Northern California
nc,71918876,3,35.7805,-120.3255,1.5,4.6,67,Central California
nc,71918856,2,37.57,-119.0018,2,3.6,22,Central California
ak,10635745,2,61.5284,-147.8058,3.5,18.3,76,Southern Alaska
hv,60448801,2,19.3835,-155.2825,2.4,3.3,23,"Island of Hawaii, Hawaii"
hv,60448796,1,19.5123,-155.8332,2,9.4,11,"Island of Hawaii, Hawaii"
ci,15271849,2,33.9013,-117.799,1.3,8.9,33,"Greater Los Angeles area, California"
ci,15271841,2,33.8143,-116.8057,1,17.9,32,Southern California
nc,71918826,2,38.8343,-122.8005,1.3,2.4,22,Northern California
nc,71920131,2,40.579,-121.857,1,13.2,14,Northern California
pr,13010009,0,19.2506,-64.8295,3.3,69,10,Virgin Islands region
nc,71918776,3,38.8408,-122.8252,2.1,2.3,73,Northern California
ak,10635723,1,60.2019,-151.0547,1.5,52.8,7,"Kenai Peninsula, Alaska"
ci,15271817,2,32.9975,-116.2403,1.1,6,45,Southern California
nc,71918731,2,37.5192,-118.7855,1.1,7.5,22,Central California
ak,10635713,1,59.7685,-152.9612,2.9,111,50,Southern Alaska
nc,71918701,2,37.3605,-120.0077,2.4,22.4,16,Central California
nc,71918696,0,38.8338,-122.8035,1.5,2.1,15,Northern California
ak,10635702,1,62.1874,-147.5113,1.2,30.4,13,Central Alaska
nn,399230,9,37.2456,-114.3786,2.1,4.4,6,Nevada
ak,10635699,2,58.0668,-151.4714,2.5,47.4,20,"Kodiak Island region, Alaska"
ci,15271801,2,36.0803,-117.8455,1.8,1.9,43,Central California
us,b000elf6,6,-4.9537,152.7111,5.1,53.8,68,"New Britain region, Papua New Guinea"
pr,13010008,0,19.1362,-66.5146,3,19,12,Puerto Rico region
ci,15271793,2,32.6515,-115.9297,1.5,9.4,41,Southern California
ak,10635683,1,62.2261,-148.6179,2.2,13.1,23,Central Alaska
nc,71918656,2,35.1118,-120.8293,1.1,9.7,15,offshore Central California
ak,10635674,1,63.0647,-150.6175,2.1,118.3,30,Central Alaska
us,b000elev,5,32.364,141.5995,4.7,53.6,102,"Izu Islands, Japan region"
ak,10635672,1,63.1169,-150.4217,1.7,90.1,15,Central Alaska
nc,71918651,0,38.8447,-122.8287,1,1.9,20,Northern California
pr,13010007,0,18.8817,-64.391,2.4,38,7,Virgin Islands region
nc,71918646,2,37.57,-118.8348,1.1,6.6,27,Central California
nc,71918636,2,38.9485,-122.751,1.3,1.5,26,Northern California
uu,60010022,4,39.1493,-111.6608,1.8,17.2,14,Utah
ci,15271777,2,33.9535,-116.7275,1.6,17.5,68,Southern California
ak,10635661,1,64.7732,-149.0996,1.2,14.6,7,Central Alaska
nc,71918606,0,38.8335,-122.801,1,2.2,15,Northern California
ak,10635655,2,61.3518,-146.5775,1.4,5.6,15,Southern Alaska
ak,10635653,2,63.643,-149.5017,1.2,123.9,12,Central Alaska
nc,71918581,3,36.2863,-120.8495,1.8,7.8,58,Central California
nc,71918576,1,38.8053,-122.7893,1.7,1.8,31,Northern California
pr,13010006,0,17.9792,-65.4024,2.7,17,5,Puerto Rico region
us,b000eldf,5,-5.4345,151.7122,4.9,60.1,64,"New Britain region, Papua New Guinea"
nc,71918561,0,38.8373,-122.7988,1,2,12,Northern California
nc,71918556,0,38.8358,-122.8013,1.9,2.3,20,Northern California
nc,71918541,1,38.8413,-122.8265,1.3,2.8,24,Northern California
ci,15271761,2,35.569,-118.5343,1.9,2.3,43,Central California
pr,13010004,0,19.1198,-66.4978,3.1,32,12,Puerto Rico region
pr,13010003,0,19.1028,-66.483,3.1,32,16,Puerto Rico region
ak,10635624,1,63.5379,-151.0391,1.3,7,7,Central Alaska
nc,71918511,2,36.289,-120.8478,1.3,7.9,30,Central California
ci,15271729,2,33.027,-116.426,1.2,5.1,51,Southern California
nc,71918501,0,38.8338,-122.8522,1.7,6.1,6,Northern California
pr,13010005,0,19.1296,-66.5053,2.8,29,13,Puerto Rico region
nn,399224,9,37.8603,-116.0624,2.1,12.3,10,Nevada
pr,13010002,0,19.1263,-66.5087,2.9,34,11,Puerto Rico region
ci,15271721,2,32.5373,-115.6152,2.1,12.7,29,"Baja California, Mexico"
pr,13010001,0,19.1455,-66.516,2.9,23,10,Puerto Rico region
ak,10635586,2,65.0053,-147.3252,1.3,0,12,northern Alaska
pr,13010000,0,19.1184,-66.489,3,44,14,Puerto Rico region
nc,71918476,7,40.2918,-124.568,2.6,18.9,32,offshore Northern California
ak,10635582,2,63.4134,-150.0873,1.1,8.6,16,Central Alaska
ak,10635578,2,62.0719,-145.1832,1.7,17.8,22,Central Alaska
nc,71918466,4,37.581,-118.9993,1,3.5,21,Central California
pr,13009003,0,19.9619,-64.235,3.4,32,14,north of the Virgin Islands
ak,10636401,2,62.1913,-151.2868,1.3,74.5,14,Central Alaska
us,b000elbr,8,38.0255,-77.9857,2,5.1,8,Virginia
us,b000elbt,9,37.4918,-3.7464,3.5,21,0,Spain
ak,10636400,2,55.132,-134.6568,3,20,9,Southeastern Alaska
nc,71918426,0,38.7717,-122.7562,1.1,2,16,Northern California
ak,10635532,2,60.7426,-150.2119,1.7,44.2,22,"Kenai Peninsula, Alaska"
nc,71918416,2,37.327,-122.1063,1.5,0,23,"San Francisco Bay area, California"
ak,10635505,3,60.7436,-150.1726,4.1,49.7,104,"Kenai Peninsula, Alaska"
ci,15271705,2,33.2622,-115.5598,1.8,7,16,Southern California
us,b000eln7,4,-57.0584,-141.4512,5.6,13.7,41,Pacific-Antarctic Ridge
us,b000el6y,4,-1.9075,68.0575,4.8,10,56,Carlsberg Ridge
us,b000el63,5,0.7579,92.7268,5,14.9,64,off the west coast of northern Sumatra
nc,71918356,2,36.8438,-121.3662,1.3,6.1,35,Central California
ak,10635481,2,60.0389,-151.594,1.6,59.8,14,"Kenai Peninsula, Alaska"
ak,10635474,2,62.2125,-149.2446,1.3,45.1,20,Central Alaska
ci,15271697,2,35.6733,-116.5732,1.9,0.1,23,Southern California
ak,10636394,2,55.6202,-135.0047,3.3,20,19,off the coast of Southeastern Alaska
ak,10635465,2,63.4525,-152.6082,1.4,3.8,12,Central Alaska
ak,10636392,2,63.0597,-151.4753,1.1,6.8,11,Central Alaska
ci,15271689,2,32.7852,-116.1292,1.1,6.5,25,Southern California
nc,71918291,2,40.7513,-122.3138,1.7,0,11,Northern California
ak,10636391,2,55.4413,-134.8847,2.4,20,7,Southeastern Alaska
nc,71918281,3,36.2792,-120.8398,1.6,8.4,45,Central California
ak,10634043,2,61.5521,-148.3719,1.1,15.9,17,Southern Alaska
ci,15271665,2,33.9822,-117.1792,1.1,13.2,32,"Greater Los Angeles area, California"
us,b000el2d,B,-17.8823,-69.4219,5,78.9,170,"Tarapaca, Chile"
nc,71918266,3,37.559,-122.4317,2.2,11,94,"San Francisco Bay area, California"
nc,71918271,2,35.8323,-121.3268,1.7,8.7,24,Central California
nc,71918261,0,38.8282,-122.851,1.4,2.5,23,Northern California
ak,10634015,2,51.3771,177.2457,3.5,4.8,16,"Rat Islands, Aleutian Islands, Alaska"
nc,71918251,3,38.8102,-122.8218,1.4,2.6,48,Northern California
ci,15271649,2,35.5665,-118.5293,1.5,0.6,23,Central California
ci,15271641,2,34.3395,-116.8895,1.2,1,33,Southern California
ci,15271625,2,35.7815,-117.5583,1.6,6.8,43,Southern California
us,2013kebc,2,-7.226,144.0722,4.5,35,20,"near the south coast of New Guinea, Papua New Guinea"
nc,71918236,2,36.2442,-120.8002,1.2,7,25,Central California
nc,71918231,2,37.5133,-118.8723,1.1,7.2,22,Central California
nc,71918226,0,38.8158,-122.7837,1.2,2.4,20,Northern California
ci,15271609,2,33.06,-117.7388,1.2,7,9,"Gulf of Santa Catalina, California"
ak,10633977,2,50.8649,-179.3096,2.8,4.9,16,"Andreanof Islands, Aleutian Islands, Alaska"
ak,10633972,2,62.1866,-149.6685,1.2,50,18,Central Alaska
us,2013kea6,A,39.7105,25.6298,4.4,9,90,Aegean Sea
ak,10633969,3,59.0103,-137.0533,1.8,3.6,14,"British Columbia, Canada"
ak,10633965,3,63.0736,-150.9935,1.4,122.2,21,Central Alaska
nc,71918216,2,37.6317,-119.3948,1.5,4.8,9,Central California
ak,10636378,2,62.1876,-149.5727,1,54.8,13,Central Alaska
ak,10633956,3,55.3552,-134.7812,3.9,20,39,Southeastern Alaska
nc,71918201,3,37.3743,-121.734,1.9,6.5,71,"San Francisco Bay area, California"
ak,10636376,2,55.8675,-135.2947,2.1,20,7,off the coast of Southeastern Alaska
ak,10633944,2,60.5362,-149.6303,2.1,17.1,41,"Kenai Peninsula, Alaska"
nc,71919181,2,37.645,-119.3422,1.1,15.6,12,Central California
ak,10633937,2,62.8762,-149.6199,1.4,77.7,29,Central Alaska
hv,60448501,2,19.7687,-156.0377,2.4,10.3,12,"Hawaii region, Hawaii"
nc,71918186,1,38.8242,-122.8225,1.8,2.4,29,Northern California
ak,10633930,2,65.1297,-150.146,1.1,2.6,14,northern Alaska
ak,10636371,2,51.8203,176.3593,2.9,25.3,5,"Rat Islands, Aleutian Islands, Alaska"
nn,399130,9,37.2731,-114.3627,3,5.8,11,Nevada
nc,71918176,0,38.8142,-122.82,1,3.4,15,Northern California
ak,10633920,2,61.5633,-147.9181,1.7,19.8,33,Southern Alaska
ak,10633911,2,60.2744,-150.9148,2.3,68,57,"Kenai Peninsula, Alaska"
ak,10636367,2,55.8934,-135.192,2.2,20,5,off the coast of Southeastern Alaska
uu,60009942,3,37.3843,-114.035,1,9.4,8,Utah
nc,71918161,3,38.8138,-122.8188,2,3.1,60,Northern California
nc,71918151,3,39.6702,-123.6018,1.6,8.3,10,Northern California
ak,10633900,2,63.2251,-150.7526,1.9,128,32,Central Alaska
hv,60448471,1,19.434,-155.4273,1.9,4.3,28,"Island of Hawaii, Hawaii"
nn,399129,9,38.6415,-118.5653,1,7.5,7,Nevada
ak,10633893,2,63.3107,-145.4962,1.3,5.5,15,Central Alaska
ci,15271577,8,33.2323,-115.9408,1.3,10,24,Southern California
nc,71918141,0,38.865,-122.9873,1.7,6.5,17,Northern California
ak,10633890,2,63.2825,-145.1372,1.2,10,15,Central Alaska
ak,10633882,2,61.218,-147.3853,1.5,25.4,18,Southern Alaska
ak,10633885,2,65.1688,-150.1914,1.2,8.1,12,northern Alaska
nn,399127,9,36.8088,-115.4636,1.4,12.1,16,Nevada
ak,10636360,2,55.2772,-134.6487,2.3,20,9,Southeastern Alaska
nc,71918131,3,40.4693,-124.9307,2.2,6.5,25,offshore Northern California
ak,10633875,2,63.2066,-150.7169,1.3,130.9,20,Central Alaska
us,c000eltc,I,-24.268,-69.522,5.1,115.3,0,"Antofagasta, Chile"
ak,10636358,2,55.7624,-135.0934,2.5,20,8,off the coast of Southeastern Alaska
pr,13009002,0,19.8519,-65.2875,3.4,18,8,Puerto Rico region
us,c000elt6,6,-1.9526,67.9601,4.9,10,42,Carlsberg Ridge
nn,399123,9,39.4689,-118.4519,1.1,3.6,12,Nevada
nc,71918116,2,35.8947,-121.4778,1.9,8.7,39,offshore Central California
us,c000elta,5,-1.9346,67.9456,4.6,10,61,Carlsberg Ridge
ak,10636357,2,56.0026,-135.3096,2.2,20,6,Southeastern Alaska
nc,71918111,3,37.4223,-118.564,2.2,15.6,34,Central California
nc,71918106,2,35.9403,-119.9362,1.8,22.8,30,Central California
us,c000elsv,7,-1.9117,67.8543,4.7,10,33,Carlsberg Ridge
ak,10636356,2,55.5058,-134.9509,2.3,20,7,Southeastern Alaska
ak,10633866,2,60.9716,-149.2737,1.2,33,17,"Kenai Peninsula, Alaska"
us,c000elsj,6,-1.9152,67.7399,4.7,10,29,Carlsberg Ridge
ak,10636354,2,67.1202,-142.6085,2.2,5,14,northern Alaska
us,c000elsa,6,-1.8512,67.9055,4.7,10,33,Carlsberg Ridge
ak,10636353,2,58.5343,-137.002,1.6,3.4,8,Southeastern Alaska
mb,13159390,2,47.5005,-112.6896,1,18.1,9,western Montana
us,c000els5,7,-1.9525,67.8573,4.7,10.2,34,Carlsberg Ridge
ak,10633860,3,58.5268,-137.1212,2.1,9.9,12,Southeastern Alaska
ak,10636351,2,55.4361,-134.7933,2.9,20,11,Southeastern Alaska
ak,10633854,2,65.4483,-144.6817,1.4,1,14,northern Alaska
us,c000els2,3,-33.082,-71.209,4.1,66.1,0,"Valparaiso, Chile"
nc,71918071,2,36.02,-120.9367,1,8.5,16,Central California
us,c000elru,4,52.3042,-170.5179,4.4,45.3,112,"Fox Islands, Aleutian Islands, Alaska"
nc,71918066,0,38.9547,-122.7575,1.8,3.4,19,Northern California
ak,10636348,2,63.2185,-150.3406,1.3,118.8,12,Central Alaska
ak,10633841,2,61.5779,-151.9863,2.5,99.3,53,Southern Alaska
us,c000elrb,8,29.7528,81.7354,5,34.2,117,Nepal
ak,10636346,2,60.2515,-153.1827,2.2,159.8,29,Southern Alaska
ci,15271513,2,33.3357,-116.927,1.8,15.7,90,Southern California
ak,10636345,2,55.536,-134.9909,2.4,20,8,Southeastern Alaska
nc,71918021,2,37.4715,-121.8193,1,7.5,21,"San Francisco Bay area, California"
pr,13009001,0,18.9841,-65.227,3,28,5,Puerto Rico region
us,c000elqs,6,-1.9155,68.0013,4.8,10,51,Carlsberg Ridge
ak,10633830,2,51.5272,-178.0646,2.1,13,15,"Andreanof Islands, Aleutian Islands, Alaska"
ak,10633828,2,53.9059,-166.8711,1,4.3,7,"Fox Islands, Aleutian Islands, Alaska"
hv,60448396,1,19.2207,-155.3592,1.8,14,9,"Island of Hawaii, Hawaii"
ak,10636342,2,58.8165,-154.6988,2.4,151.4,18,Alaska Peninsula
nc,71918011,2,38.9618,-122.7585,1.1,2.2,18,Northern California
us,c000elqh,5,-1.9276,68.031,4.9,10,53,Carlsberg Ridge
ak,10636341,2,64.8293,-152.7736,1.1,7.7,10,Central Alaska
ak,10636340,2,55.3423,-134.6236,2.3,13.5,8,Southeastern Alaska
ak,10633825,2,60.1484,-141.3888,1.5,0,7,Southern Alaska
ak,10633822,2,61.5369,-147.8909,1,6.8,10,Southern Alaska
ak,10633821,2,61.914,-147.6972,1.1,40.6,12,Southern Alaska
ak,10633818,2,58.1865,-155.2709,1.5,4.5,8,Alaska Peninsula
nc,71917996,3,38.7582,-122.7237,2.1,1.8,65,Northern California
nc,71919136,2,37.5315,-119.3947,1.2,8.9,22,Central California
us,c000elpu,7,-1.9368,68.0315,5,10,94,Carlsberg Ridge
nc,71917981,3,38.7753,-122.7298,2,1.8,58,Northern California
nc,71917976,0,38.9502,-122.7653,1.6,3.5,9,Northern California
ci,15271497,2,33.3327,-116.3575,1,15.1,48,Southern California
us,c000elp6,5,-1.8598,67.8837,4.9,10,21,Carlsberg Ridge
ak,10633800,2,63.225,-150.1478,1.2,111.3,14,Central Alaska
ak,10636334,2,55.73,-134.9822,2.2,20,6,Southeastern Alaska
ci,15271489,2,34.0432,-117.2497,1.1,18.3,37,"Greater Los Angeles area, California"
us,c000elns,6,55.3336,-134.9476,4.7,10,0,Southeastern Alaska
ci,15271481,2,32.6677,-115.966,2.2,7.7,40,Southern California
nn,399108,9,37.2999,-114.9795,1,10.1,8,Nevada
nc,71917951,2,39.4412,-123.2807,1.5,0.6,12,Northern California
nc,71917931,0,38.9617,-122.756,1.5,1.7,8,Northern California
ak,10636332,2,55.6177,-134.9413,2.5,20,9,Southeastern Alaska
nc,71917921,4,37.144,-119.2902,1.7,19.6,20,Central California
nc,71917916,0,38.7518,-122.7175,1.1,3.2,13,Northern California
nc,71917906,0,38.9565,-122.7612,1.9,2.6,10,Northern California
ci,15271457,2,32.227,-115.2127,2.3,13.8,15,"Baja California, Mexico"
ak,10633764,3,67.1076,-142.5044,2.7,4,15,northern Alaska
nc,71917886,1,38.8163,-122.8105,1.3,3.6,30,Northern California
ak,10636330,2,67.102,-142.8046,2,7.7,9,northern Alaska
ci,15271449,2,33.601,-116.8122,1.2,10.5,55,Southern California
pr,13009000,0,18.4669,-67.3442,2.4,21,5,"Mona Passage, Puerto Rico"
ci,15271441,2,33.2748,-116.7838,1,13.2,58,Southern California
ak,10636329,2,61.7547,-146.8609,1.2,34.3,15,Southern Alaska
ak,10633748,3,62.0863,-153.1815,2.1,4.6,26,Central Alaska
ak,10636327,2,63.6198,-149.8187,1.6,120.4,18,Central Alaska
nc,71917876,0,38.824,-122.8235,1.2,2,21,Northern California
us,c000elmf,C,25.3217,95.021,5.8,90.5,392,Myanmar
nc,71917861,3,38.9528,-122.7567,2.2,4.2,53,Northern California
nc,71917866,2,38.9575,-122.7603,1.1,3.5,37,Northern California
ak,10633719,2,62.0417,-150.3395,1.3,13.2,17,Central Alaska
nc,71917856,2,38.9545,-122.7568,1,1.2,16,Northern California
nc,71917831,0,38.9637,-122.7558,1.4,1.9,6,Northern California
ci,15271425,2,36.875,-117.4212,1.8,2,21,Central California
nc,71917806,1,38.8743,-122.8178,1.7,2.4,26,Northern California
nc,71917811,0,38.8348,-122.8373,1.1,7.2,13,Northern California
nc,71917801,0,38.9605,-122.7567,1.5,1.9,7,Northern California
nc,71917796,0,38.9548,-122.7617,1.6,3,9,Northern California
ci,15271417,2,36.0012,-117.7893,1.2,1.1,30,Central California
nc,71917776,3,38.9513,-122.7593,2.8,2.4,66,Northern California
ak,10633429,2,64.9952,-147.3775,1.5,0,12,Central Alaska
nc,71068774,2,40.4528,-121.5065,1,3.9,8,"Lassen Peak area, California"
nc,71917771,2,38.9568,-122.7605,1.9,3,51,Northern California
ak,10636323,2,62.2537,-149.1084,1,54,14,Central Alaska
uw,60490357,2,43.2705,-123.3072,1.1,0,6,Oregon
us,c000elj8,F,46.8052,152.5151,4.6,54.3,111,Kuril Islands
ak,10633399,2,63.1621,-150.6033,2.4,116.5,56,Central Alaska
ak,10633395,2,59.8475,-152.1611,2.4,62.5,43,Southern Alaska
ci,15271409,4,35.0422,-117.6752,1.2,0,13,Southern California
ak,10633394,2,63.3864,-151.2832,1,5.8,13,Central Alaska
nc,71917756,2,37.7152,-122.1318,1.2,10.2,22,"San Francisco Bay area, California"
ak,10633386,2,63.1315,-150.6948,1.5,127.9,19,Central Alaska
nc,71917751,1,38.7677,-122.712,2,2.2,26,Northern California
ci,15271377,2,33.8925,-116.8195,1,19,57,Southern California
nc,71917746,2,37.5093,-119.3837,1.4,13.6,16,Central California
us,c000elit,4,-2.2579,68.0303,4.6,10,37,Carlsberg Ridge
us,c000elil,5,-2.0634,67.9835,4.8,10,38,Carlsberg Ridge
nc,71917731,2,37.5893,-121.7185,1.3,6.6,17,Northern California
us,c000elii,5,-1.977,68.0116,4.7,10.1,19,Carlsberg Ridge
us,c000eli9,3,35.5146,-97.3707,2.6,5.3,7,"Oklahoma City urban area, Oklahoma"
ak,10633351,1,63.5521,-147.5443,1.5,2.5,14,Central Alaska
ak,10633344,1,60.3463,-141.2655,1.7,16.1,5,Southern Alaska
ak,10633334,2,60.5886,-152.0989,2.3,101.4,32,Southern Alaska
uu,60009887,4,39.8132,-111.564,1.7,3.8,16,Utah
uu,60009892,4,39.8113,-111.5707,1.7,5.5,18,Utah
ci,15271345,2,34.231,-117.4817,1.8,11.3,92,Southern California
ci,15271337,2,35.6885,-118.0867,1.2,2.2,42,Central California
nc,71917641,1,38.81,-122.7412,1.3,2.7,28,Northern California
nc,71917621,0,38.9513,-122.7605,1.6,3.5,10,Northern California
nc,71917616,2,37.4213,-118.3223,1.5,6.3,16,Central California
nc,71917611,0,38.8475,-122.7682,1.3,1.4,20,Northern California
us,c000eldx,8,-34.4286,179.1698,5.4,8.4,58,south of the Kermadec Islands
ak,10633301,1,60.59,-144.855,1.7,5.7,8,Southern Alaska
ak,10633289,1,63.9334,-148.8594,2.1,0,27,Central Alaska
ak,10633287,1,62.1183,-145.3699,1.6,18.8,7,Central Alaska
ci,15271305,4,32.598,-116.9805,1.5,2.7,35,"San Diego County urban area, California"
uw,60490302,2,48.0955,-121.96,1.1,0,11,"Puget Sound region, Washington"
ak,10633277,1,63.5429,-150.8844,1.7,1,5,Central Alaska
mb,13896315,2,44.597,-112.1591,2.3,8.1,34,western Montana
uu,60009862,4,39.8037,-111.5683,1.5,4.4,28,Utah
us,c000elb2,B,-10.2935,161.6659,5.2,87.4,92,Solomon Islands
ci,15271297,2,36.7905,-117.5405,1.6,2.7,20,Central California
ak,10633269,1,65.3688,-144.939,1.5,0.2,6,northern Alaska
ci,15271289,2,36.788,-117.5395,1.9,2.1,29,Central California
ak,10633260,1,63.2505,-149.649,1.5,54.2,10,Central Alaska
nc,71917581,0,38.9527,-122.76,1.8,2.9,10,Northern California
ak,10633254,1,65.9739,-144.8112,1.4,9.9,7,northern Alaska
ci,15271281,2,33.2803,-116.7808,1.1,13.8,61,Southern California
pr,13008002,0,18.8038,-67.2437,2.8,10,4,Puerto Rico region
ak,10633240,1,62.202,-145.8804,1.8,1.9,17,Central Alaska
ci,15271273,2,35.571,-118.5363,1.5,2,27,Central California
ak,10633234,1,63.386,-147.4119,1.3,27,5,Central Alaska
ak,10633228,1,63.1337,-150.4094,1.8,108.6,19,Central Alaska
nc,71917566,3,38.9532,-122.7592,1.6,2.8,20,Northern California
nc,71917561,2,38.9593,-122.7585,1.2,2.7,13,Northern California
us,c000el9s,4,-32.382,-14.1777,5,9.8,27,southern Mid-Atlantic Ridge
us,c000el9a,6,52.4052,-170.6298,5,52.7,353,"Fox Islands, Aleutian Islands, Alaska"
nc,71917556,4,37.5917,-121.8255,1.2,9.6,15,"San Francisco Bay area, California"
nc,71917541,2,38.9583,-122.7603,1.6,2.6,31,Northern California
us,c000el8z,3,55.3865,-134.9443,4.6,9.1,0,Southeastern Alaska
nc,71917536,2,38.9523,-122.7627,1.8,3.1,37,Northern California
nc,71917531,2,38.955,-122.7582,1.6,3.6,31,Northern California
nc,71917526,2,38.9575,-122.7623,1.8,3.1,39,Northern California
nc,71917516,3,38.9525,-122.7568,2.7,2.5,62,Northern California
nc,71917511,2,38.952,-122.7583,2.2,5,47,Northern California
ak,10633179,1,63.1883,-151.2325,1.6,16.3,7,Central Alaska
nc,71917506,0,38.9627,-122.7487,1.6,6.6,8,Northern California
nc,71917501,3,38.955,-122.7535,2.5,3,49,Northern California
ci,15271265,2,34.107,-116.9413,1,7.6,43,Southern California
uw,60490287,1,49.4458,-120.488,2.5,0,9,"British Columbia, Canada"
nc,71917486,4,37.417,-118.3213,2.6,8.1,45,Central California
mb,13370164,2,44.7708,-111.9693,1,10.2,12,western Montana
nc,71917466,3,37.4228,-118.3297,3.2,7.6,47,Central California
nc,71917446,2,36.5418,-121.0543,1.2,8.5,9,Central California
ak,10633150,1,61.9349,-150.5577,1.7,36,13,Southern Alaska
nc,71917421,1,38.8082,-122.7922,1.2,2.5,25,Northern California
nc,71917431,2,38.8097,-122.7938,1.2,2,27,Northern California
ak,10633139,1,64.9482,-148.893,1.5,0.1,9,Central Alaska
nc,71917416,0,38.7388,-122.7257,1.4,2.9,16,Northern California
ak,10633132,2,51.6017,-178.3629,2.8,2.9,12,"Andreanof Islands, Aleutian Islands, Alaska"
nc,71917406,3,37.1535,-118.09,2,3.9,14,Central California
ak,10633123,1,59.986,-140.5862,2.7,5.7,15,Southeastern Alaska
ak,10633119,1,61.1908,-151.4203,1.6,72,6,Southern Alaska
ci,15271201,2,34.0045,-117.5917,1.3,4.8,31,"Greater Los Angeles area, California"
ak,10633115,2,58.8517,-153.4216,2.3,63.4,24,"Kodiak Island region, Alaska"
nc,71917391,0,38.8273,-122.8522,1.2,2.1,17,Northern California
nc,71917386,1,38.8267,-122.8527,1.4,2.5,22,Northern California
ak,10633108,1,64.8994,-147.2714,1,13.3,9,Central Alaska
nc,71917381,0,38.7493,-122.719,1,3,13,Northern California
ak,10633095,1,64.0776,-148.1725,1.8,108.1,24,Central Alaska
us,2013kdas,A,15.4046,-104.9858,4.3,40,64,"off the coast of Michoacan, Mexico"
nc,71917366,0,39.658,-120.1083,1.5,0.5,11,Northern California
nc,71917356,3,38.7558,-122.7217,2.1,1.4,61,Northern California
nc,71917336,0,38.755,-122.7237,1.2,1.1,14,Northern California
nc,71917316,2,38.7508,-122.7253,1.6,2.8,32,Northern California
nc,71917306,5,38.7602,-122.7243,3,1.6,76,Northern California
nc,71917296,0,38.7555,-122.7232,1.2,2.4,8,Northern California
nc,71917281,0,38.7553,-122.7253,1.1,1.6,14,Northern California
nc,71917276,0,38.7612,-122.7242,1,0.1,15,Northern California
ak,10633063,2,56.008,-135.4542,4,10,16,Southeastern Alaska
nc,71917231,1,38.8243,-122.8255,2,2.4,34,Northern California
us,c000el2f,D,39.658,25.543,5.7,10.3,500,Aegean Sea
nc,71917221,3,38.839,-122.8258,2.1,2.4,60,Northern California
ak,10633037,1,62.7711,-149.5582,1.2,49.7,9,Central Alaska
uw,60490197,2,48.5327,-119.893,2.9,1,26,Washington
nc,71917216,2,36.3797,-120.9647,1.4,6.6,17,Central California
nc,71917211,1,38.812,-122.811,1.4,2.8,28,Northern California
nn,398986,9,37.3042,-114.3602,1.4,4.4,5,Nevada
ak,10633030,1,62.1765,-148.396,1.8,50,7,Central Alaska
ak,10633029,1,65.6283,-147.823,1.5,14.9,8,northern Alaska
ci,15271185,4,33.7578,-116.7142,1,17.2,44,Southern California
nc,71917206,3,37.3312,-121.6963,1.5,8.1,36,Northern California
nc,71917196,2,37.3315,-121.6988,1.3,7.8,31,Northern California
nc,71917191,2,37.3302,-121.6993,1.3,7.9,28,Northern California
ak,10633019,1,62.0564,-154.0537,1.8,0,8,Central Alaska
se,010813a,A,35.4734,-84.3888,2.2,9.2,12,eastern Tennessee
ak,10633009,2,59.7855,-153.5331,2.5,138.2,41,Southern Alaska
ak,10633004,1,61.2369,-150.8629,2.2,53.6,34,Southern Alaska
ak,10632998,1,61.8634,-151.1028,1.9,65.3,20,Southern Alaska
ak,10632994,1,63.5682,-147.3232,1.9,0,22,Central Alaska
us,c000el16,6,-10.4282,120.1634,4.4,38.7,39,"Sumba region, Indonesia"
nc,71917171,0,38.8367,-122.7852,1.1,2.1,15,Northern California
ak,10632982,1,62.8144,-151.1561,2,111.4,12,Central Alaska
ak,10632978,1,61.2466,-150.3112,1.7,20.3,7,Southern Alaska
ci,15271153,2,33.3265,-116.3803,1.4,14.7,76,Southern California
nc,71917151,3,36.9012,-120.8082,1.8,8.7,47,Central California
us,c000el10,9,39.4913,71.7396,4.7,10,66,Kyrgyzstan
nc,71917146,5,40.3013,-123.9028,2.9,27.9,29,Northern California
ak,10632965,1,63.7252,-149.6833,2,115.9,38,Central Alaska
mb,13975550,2,47.9101,-114.1238,2,6.7,18,western Montana
nc,71917141,0,38.771,-122.738,1,2.2,9,Northern California
ak,10632963,2,63.0981,-151.5039,1,8.4,14,Central Alaska
nc,71917136,2,37.473,-118.671,1,13.3,23,Central California
ci,15271145,2,34.0372,-118.8965,1.9,6.1,31,"Channel Islands region, California"
hv,60448006,4,19.186,-155.3153,1.3,46.6,33,"Island of Hawaii, Hawaii"
nc,71917116,3,35.9303,-120.4807,1.4,5.6,43,Central California
nc,71917121,4,40.4808,-123.834,1.9,25.6,29,Northern California
nc,71917101,0,38.7603,-122.722,1.1,1.8,13,Northern California
nc,71917096,2,40.8463,-121.6575,1.3,11.5,11,Northern California
nc,71917086,2,36.5642,-121.1577,1.1,2.9,20,Central California
nc,71917091,2,40.8437,-121.6615,1.2,10.8,11,Northern California
uw,60490182,2,43.712,-121.3278,1.3,1.6,13,"Newberry Caldera area, Oregon"
ak,10632948,1,61.0569,-151.1127,1.9,43.7,14,Southern Alaska
us,c000ekzy,6,22.8827,123.0641,4.3,19.1,17,southeast of Taiwan
pr,13008001,0,18.0771,-66.9841,2.6,21,4,Puerto Rico
ci,15271113,2,32.7465,-115.8802,1.5,8,35,Southern California
nc,71917071,4,40.8423,-121.6592,1.2,10.6,10,Northern California
nn,398982,9,38.4954,-118.4038,2,0,22,Nevada
nc,71917056,0,38.7902,-122.7637,1.2,2.4,22,Northern California
us,c000ekzg,4,-4.2955,141.9851,4.7,119.2,33,"New Guinea, Papua New Guinea"
nc,71917051,0,38.8412,-122.8363,1.4,2.4,20,Northern California
us,c000ekz5,7,40.2081,142.2035,5.4,38.6,361,"near the east coast of Honshu, Japan"
nc,71917016,3,37.5933,-121.8175,1.7,10.6,53,"San Francisco Bay area, California"
ak,10632926,1,63.9347,-148.8619,1.5,3.8,9,Central Alaska
pr,13008000,0,19.2385,-67.8565,3.2,31,5,Dominican Republic region
ak,10632920,1,65.0969,-148.7374,1.3,16.2,7,northern Alaska
us,c000ekyv,5,37.6816,37.9858,4.3,10.1,28,central Turkey
us,c000ekys,6,37.8101,37.952,4.5,10,38,central Turkey
nn,398980,9,36.7235,-115.6965,1,4.1,16,Nevada
nc,71916971,1,38.8203,-122.8082,1.8,3.4,38,Northern California
nc,71916966,2,38.7967,-122.7398,1,2.3,37,Northern California
nc,71916961,4,38.9577,-122.7532,1.5,2.8,36,Northern California
nc,71916946,3,38.8455,-122.8265,1,2.4,41,Northern California
ak,10632906,1,60.5461,-145.5029,2.5,19.1,15,Southern Alaska
ak,10632904,1,64.5807,-147.0074,1,13.5,7,Central Alaska
ci,15271097,2,33.3555,-116.4268,2,9.7,111,Southern California
nc,71916926,2,36.0452,-120.2547,1.3,9.9,42,Central California
uw,60490117,2,43.5358,-121.7058,1.4,8.4,10,Oregon
ci,15271073,2,33.045,-116.4178,1.3,10.7,71,Southern California
ak,10632891,1,61.0056,-145.9993,2.3,0,10,Southern Alaska
us,c000ekxw,5,19.2215,121.2571,4.5,10,61,"Babuyan Islands region, Philippines"
nc,71916906,0,38.7597,-122.7232,1.4,0.3,8,Northern California
nc,71916901,3,38.813,-122.8168,2,3.1,65,Northern California
ak,10632867,1,62.6818,-151.1342,1.8,104.5,16,Central Alaska
ak,10632707,2,52.3603,-174.5977,2.6,198.6,13,"Andreanof Islands, Aleutian Islands, Alaska"
ci,15271065,2,34.3712,-117.1798,1.3,7.3,60,Southern California
nc,71916891,2,36.0453,-120.2073,1.5,13.8,28,Central California
uu,60009782,4,44.6118,-110.9872,1,7.4,14,"Yellowstone National Park, Wyoming"
ak,10632682,2,52.7073,-169.3013,2.3,5,6,"Fox Islands, Aleutian Islands, Alaska"
ci,15271057,2,31.3448,-116.2178,3.3,10,12,"Baja California, Mexico"
ci,15271049,2,33.9785,-116.9507,1.3,20.2,38,Southern California
nc,71916871,3,36.6443,-121.098,1.7,11.9,45,Central California
ak,10632666,1,63.0485,-148.0906,1.9,57.4,23,Central Alaska
nc,71916866,0,38.7735,-122.746,1.1,0.1,11,Northern California
nc,71916856,0,38.752,-122.6853,1,1.1,7,Northern California
ak,10632657,1,65.0063,-147.3354,1.6,0,13,northern Alaska
us,c000ekws,5,35.1206,141.6627,4.6,19.7,39,"near the east coast of Honshu, Japan"
ak,10632638,2,61.1522,-151.1222,1.8,57.9,20,Southern Alaska
ak,10632617,3,61.6833,-141.2638,2.3,15.9,8,Southern Alaska
ak,10636093,2,63.4101,-149.2156,1,88.4,7,Central Alaska
ak,10636092,2,60.0076,-152.8507,2.3,114.9,9,Southern Alaska
ak,10632596,3,58.9387,-153.6715,2.2,10,12,"Kodiak Island region, Alaska"
ci,15271017,2,36.2935,-118.3268,1.8,0.2,30,Central California
ak,10636090,2,55.2886,-134.6757,2.6,20,6,Southeastern Alaska
nc,71916771,1,38.7867,-122.7627,1.9,1.1,33,Northern California
nc,71916766,3,37.3555,-121.7165,2,8.1,71,Northern California
nc,71916761,2,36.6585,-121.1085,1.1,11.7,13,Central California
ak,10632571,3,67.1841,-142.5896,3.1,45,13,northern Alaska
nc,71916746,2,35.7407,-121.0903,1.3,8.8,31,Central California
ak,10632563,2,63.4263,-147.4484,1.4,5.9,16,Central Alaska
ak,10632560,2,61.3181,-151.8401,1.9,97.5,18,Southern Alaska
ak,10632553,2,61.154,-147.2669,1.8,9.9,16,Southern Alaska
nc,71916726,0,38.8063,-122.811,1.1,2.3,23,Northern California
nc,71916706,3,36.0265,-120.9348,1.9,8.5,75,Central California
nc,71916701,0,38.758,-122.7215,1,1.8,15,Northern California
ci,15271009,2,34.0082,-117.0737,1.2,14.5,36,"Greater Los Angeles area, California"
ak,10632526,3,51.2372,-177.9115,2.4,26.7,14,"Andreanof Islands, Aleutian Islands, Alaska"
nc,71916691,2,36.6305,-121.0912,1.1,12,13,Central California
ak,10632521,3,51.2447,-177.9161,2.5,23.3,15,"Andreanof Islands, Aleutian Islands, Alaska"
nc,71916676,2,36.629,-121.0952,1,11.2,17,Central California
nc,71916671,3,36.6452,-121.1008,2.8,12.4,80,Central California
nc,71916666,3,40.2875,-124.3465,2,19,19,Northern California
ak,10632501,3,51.2401,-177.916,2.7,25.6,14,"Andreanof Islands, Aleutian Islands, Alaska"
ak,10632481,2,61.4805,-150.3384,1.6,41.9,15,Southern Alaska
ci,15270985,2,34.6282,-117.111,1.7,0,19,Southern California
ak,10636081,2,60.6345,-152.1613,1.8,67.1,9,Southern Alaska
ak,10636080,2,50.6097,-173.4517,2.3,71.1,5,"Andreanof Islands, Aleutian Islands, Alaska"
mb,13317861,2,45.631,-112.0015,1.1,10.6,12,western Montana
nm,010713c,B,36.2238,-89.4358,2.6,6.3,27,Tennessee
ak,10632455,2,60.1199,-153.3934,2.9,160.5,39,Southern Alaska
pr,13007003,0,19.2122,-65.2198,3.6,5,19,Puerto Rico region
nn,398978,9,39.999,-118.7318,1.1,0,5,Nevada
uu,60009757,2,44.4405,-110.3457,1.2,5.8,8,"Yellowstone National Park, Wyoming"
uw,60489932,3,46.399,-119.2628,1.3,2.2,15,Washington
mb,13923248,2,45.6145,-111.751,1.5,6.5,19,western Montana
nn,399044,9,38.6627,-119.5169,1.4,11.2,4,Central California
ak,10632395,2,63.4369,-147.5074,1,11.5,9,Central Alaska
ak,10636077,2,63.1784,-150.857,1.4,127.1,8,Central Alaska
ak,10636076,2,61.9118,-149.662,1.3,43.7,7,Southern Alaska
ci,15270961,2,34.083,-117.27,1.1,14.8,45,"Greater Los Angeles area, California"
nc,71916566,2,36.5902,-121.2003,1.4,8,26,Central California
ak,10632381,3,52.8049,-173.7293,2.9,176.6,21,"Andreanof Islands, Aleutian Islands, Alaska"
ak,10632370,2,59.7973,-153.1783,2.7,115.9,33,Southern Alaska
uu,60009747,5,36.8383,-111.8563,3.1,6.4,18,Arizona
nc,71916561,2,36.7767,-121.2872,1.6,7.8,32,Central California
ak,10632364,2,58.8085,-153.5555,2.3,1,11,"Kodiak Island region, Alaska"
ak,10636072,2,63.1475,-151.5193,1.1,19,7,Central Alaska
ak,10636071,2,55.3824,-134.8073,4,20,6,Southeastern Alaska
ak,10632357,2,63.1309,-149.6533,1.5,97.2,14,Central Alaska
ci,15270953,2,34.199,-117.5012,1.4,7.2,48,"Greater Los Angeles area, California"
ak,10636069,2,60.2809,-147.0429,1.7,8.1,8,Southern Alaska
ci,15270945,2,34.0343,-116.313,1.1,8.7,36,Southern California
ak,10632352,2,61.3461,-147.5615,1.4,14.9,11,Southern Alaska
pr,13007002,0,18.6681,-66.5124,2.6,30,6,Puerto Rico region
ci,15270937,2,33.2835,-116.7805,1,11.6,44,Southern California
nc,71916531,2,36.3007,-120.8223,1.4,8.7,14,Central California
nc,71916526,1,38.807,-122.8183,1.2,3.4,27,Northern California
us,c000ekk1,A,37.8174,142.3564,4.9,48.3,258,"off the east coast of Honshu, Japan"
ak,10636067,2,51.6244,-177.6417,1.6,63.4,7,"Andreanof Islands, Aleutian Islands, Alaska"
nc,71916521,0,38.7532,-122.729,1.1,4.5,16,Northern California
ak,10636066,2,61.3221,-147.5725,1.3,20,7,Southern Alaska
ak,10636065,2,59.9514,-152.9987,2.2,109.8,9,Southern Alaska
nc,71916506,1,38.8098,-122.817,1.5,3.2,34,Northern California
ak,10636064,2,51.5225,-178.3786,1.9,37.1,7,"Andreanof Islands, Aleutian Islands, Alaska"
uu,60009732,4,38.2832,-108.9187,2.2,0.6,12,Colorado
ak,10636063,2,55.6986,-134.8437,2.3,20,6,Southeastern Alaska
ak,10636062,2,62.6475,-149.7534,1,60.7,7,Central Alaska
ak,10636061,2,61.4707,-150.2121,1.2,45.2,7,Southern Alaska
mb,13140716,2,45.614,-111.7525,1.1,6.4,12,western Montana
nc,71916466,0,38.7652,-122.7412,1.7,0.4,16,Northern California
ci,15270929,2,33.1543,-115.64,1.4,1.1,25,Southern California
ak,10632332,3,60.5041,-152.568,2,90.1,19,Southern Alaska
ak,10636059,2,55.6512,-134.8919,2.4,20,5,Southeastern Alaska
pr,13007001,0,19.4654,-68.393,3.4,9,11,Dominican Republic region
ak,10636058,2,55.4161,-135.75,2.9,20,6,off the coast of Southeastern Alaska
ak,10636057,2,55.4218,-135.757,2.6,20,5,off the coast of Southeastern Alaska
ak,10632329,2,53.8166,-164.6523,2.6,58,19,"Unimak Island region, Alaska"
nn,398866,9,38.7568,-118.7815,1,12.4,10,Nevada
hv,60447746,3,19.3678,-155.2217,1.1,3.3,8,"Island of Hawaii, Hawaii"
ak,10636055,2,59.7857,-152.5682,2.2,62.9,8,Southern Alaska
nc,71916456,1,38.8073,-122.7962,1.6,3.8,35,Northern California
ci,15270913,2,34.0035,-117.1792,1.2,5.3,66,"Greater Los Angeles area, California"
ak,10636054,2,55.6507,-134.9843,2.3,20,5,Southeastern Alaska
ak,10636053,2,61.5673,-150.9148,1.5,81.2,8,Southern Alaska
mb,13614565,2,45.614,-111.7381,2.2,9.6,36,western Montana
ak,10636052,2,55.493,-134.7124,2.4,20,6,Southeastern Alaska
ak,10632316,2,60.1524,-138.8198,1.8,4,10,"Southern Yukon Territory, Canada"
ci,15270889,2,33.7667,-115.9342,1.2,1.1,40,Southern California
ak,10632315,2,62.8103,-148.3987,1.2,67.3,10,Central Alaska
ak,10632313,2,61.3596,-150.3952,1.8,45.7,13,Southern Alaska
ci,15270873,2,33.3862,-116.411,1,11,57,Southern California
uu,60000620,2,44.4745,-110.5527,2.1,4.4,11,"Yellowstone National Park, Wyoming"
uu,60009717,4,44.4798,-110.5542,1.8,2,14,"Yellowstone National Park, Wyoming"
ak,10636048,2,56.0348,-135.251,2.5,20,5,Southeastern Alaska
ci,15270865,2,33.3225,-116.1957,1,6.8,31,Southern California
ak,10636047,2,55.6779,-134.8826,3,20,6,Southeastern Alaska
hv,60447686,1,18.9835,-155.4438,2.6,37.2,48,"Hawaii region, Hawaii"
uu,60009697,2,44.437,-110.3275,1.3,5.9,10,"Yellowstone National Park, Wyoming"
ak,10636046,2,59.739,-152.7081,2.3,159.1,8,Southern Alaska
uu,60009687,4,44.43,-110.3322,2,8.8,20,"Yellowstone National Park, Wyoming"
ak,10636045,2,62.735,-150.5637,1.4,83.1,6,Central Alaska
hv,60447681,1,19.3467,-155.1243,1.8,8.1,15,"Island of Hawaii, Hawaii"
uu,60009677,2,44.442,-110.3522,1,3.2,9,"Yellowstone National Park, Wyoming"
uu,60009672,2,44.437,-110.326,1.3,11.1,12,"Yellowstone National Park, Wyoming"
uu,60009667,2,44.434,-110.3243,1.1,11.2,9,"Yellowstone National Park, Wyoming"
uu,60009662,2,44.4358,-110.3278,1.2,11.5,10,"Yellowstone National Park, Wyoming"
uu,60009657,2,44.4293,-110.3168,1,12.5,8,"Yellowstone National Park, Wyoming"
ak,10636044,2,65.6331,-144.0003,1.1,5.6,7,northern Alaska
nc,71916401,4,40.5992,-123.3545,2.9,33.3,36,Northern California
us,c000ekiu,6,24.5347,122.913,5.2,73.3,166,Taiwan region
uu,60009652,2,44.4277,-110.3223,1,10.6,10,"Yellowstone National Park, Wyoming"
nc,71916396,2,37.4125,-118.6017,1.4,10.9,28,Central California
ak,10636043,2,60.0972,-152.6253,1.9,99.1,6,Southern Alaska
pr,13007000,0,18.11,-64.0211,2.5,16,6,Virgin Islands region
ak,10636042,2,62.1958,-149.3458,1.3,59,6,Central Alaska
ak,10636041,2,55.6868,-134.887,2.3,20,5,Southeastern Alaska
us,c000ekie,4,28.325,94.3088,4.2,18.1,18,"Arunachal Pradesh, India"
ak,10636040,2,62.8826,-151.1816,1.5,103.6,8,Central Alaska
ak,10636039,2,55.2546,-134.692,3.1,20,6,Southeastern Alaska
ak,10636038,2,55.6118,-135.0283,2.6,20,5,off the coast of Southeastern Alaska
nm,010713a,A,36.4695,-89.4935,1.5,5.4,14,Tennessee
ak,10632295,3,63.1295,-149.7766,1.3,90.2,9,Central Alaska
ak,10632286,2,63.3605,-149.29,2.3,96,36,Central Alaska
ak,10632285,2,62.9376,-149.3254,1.2,76.5,14,Central Alaska
ak,10632281,2,63.4787,-148.0882,1,7,9,Central Alaska
ak,10632275,2,61.7269,-150.5518,2.1,64.8,16,Southern Alaska
ak,10632276,3,63.0426,-150.4642,1.3,95.7,10,Central Alaska
nc,71916351,3,37.5173,-118.8742,1.8,6.9,35,Central California
nc,71916341,2,37.5133,-118.8735,1.2,6.8,26,Central California
nc,71916336,2,37.5512,-118.8318,2,15.6,16,Central California
nc,71916331,6,37.5152,-118.8738,2.6,7.2,40,Central California
us,c000ekhu,D,49.0345,-128.7151,4.4,10,24,"Vancouver Island, Canada region"
ci,15270841,2,33.3102,-116.187,1.3,10.3,57,Southern California
ak,10632259,2,61.4876,-146.5344,1.5,31.6,14,Southern Alaska
ak,10636030,2,55.9626,-135.3468,2.7,20,5,off the coast of Southeastern Alaska
ak,10636029,2,60.2147,-150.2165,1.5,52.9,6,"Kenai Peninsula, Alaska"
ak,10632254,2,62.1696,-147.8067,1.4,35.3,14,Central Alaska
ci,15270833,2,33.5908,-116.8173,1.6,10.4,94,Southern California
ak,10632412,3,61.6025,-149.6521,1.2,39,8,Southern Alaska
ak,10632251,3,51.5875,-177.7403,2.1,28.5,13,"Andreanof Islands, Aleutian Islands, Alaska"
nc,71916311,4,40.2155,-124.1135,2.6,13.4,27,Northern California
ak,10632243,2,62.1272,-145.6682,2.5,19.3,25,Central Alaska
nc,71916306,0,38.8077,-122.8195,1.1,2.3,20,Northern California
ak,10636023,2,56.7869,-134.996,1.8,1.6,5,Southeastern Alaska
nc,71916301,1,38.8193,-122.8257,1.2,3,28,Northern California
ak,10632232,2,62.9063,-150.48,1.3,88.2,11,Central Alaska
us,c000ekg1,4,37.0572,-104.6437,2.5,5.4,28,Colorado
ak,10632230,2,51.2338,-178.0478,1.9,13.5,6,"Andreanof Islands, Aleutian Islands, Alaska"
us,c000ekfq,7,26.8387,56.1841,4.3,10,44,Strait of Hormuz
ak,10632226,2,63.2702,-150.4794,1.8,126.8,22,Central Alaska
ak,10636018,2,55.4054,-134.7951,2.9,20,9,Southeastern Alaska
ak,10636017,2,63.2195,-154.6752,1.6,10,5,Central Alaska
ak,10636016,2,63.1915,-150.5463,1.3,120.9,8,Central Alaska
nc,71916271,1,38.8233,-122.8552,1.2,2.7,23,Northern California
ak,10632221,2,53.4599,-167.9667,2.7,149.5,16,"Fox Islands, Aleutian Islands, Alaska"
us,c000ekbx,5,40.1531,21.8193,4.3,11.8,37,Greece
ak,10632213,2,54.6792,-159.8274,3.4,13.2,26,south of Alaska
ak,10632212,2,61.4846,-151.1996,1.7,68.6,17,Southern Alaska
ak,10632210,2,53.4235,-165.6185,2,21.4,13,"Fox Islands, Aleutian Islands, Alaska"
uu,60009627,2,44.4368,-110.3408,1.3,7.1,11,"Yellowstone National Park, Wyoming"
nn,398847,9,38.5705,-119.4377,1.3,0,7,Central California
ci,15270801,2,34.1352,-117.0117,1,9.9,60,Southern California
nn,398845,9,37.3321,-115.5716,1.5,0,13,Nevada
hv,60447581,1,19.307,-155.5013,2.1,6.4,19,"Island of Hawaii, Hawaii"
ci,15270793,2,33.7053,-116.8042,1.1,18.7,47,Southern California
ak,10632200,2,62.1656,-145.5633,1.5,24.5,16,Central Alaska
nm,010713b,A,35.8918,-91.9482,1.8,2.1,8,Arkansas
ak,10633541,2,55.2351,-134.6471,2.5,20,9,Southeastern Alaska
nc,71916241,2,36.4705,-121.0447,1.2,5.2,14,Central California
ci,15270785,2,32.74,-115.4825,1.5,7,22,Southern California
nn,398843,9,37.4013,-115.6473,1.2,0,4,Nevada
ak,10633540,2,56.1057,-135.3017,2.3,20,7,Southeastern Alaska
nc,71916231,6,40.8462,-125.3722,3.1,21.5,51,offshore Northern California
ak,10632187,2,62.9062,-150.9627,1.7,105.8,24,Central Alaska
nn,398838,9,38.5754,-119.4327,1.3,1,7,Central California
ak,10632181,2,62.2434,-150.1654,1.3,8,16,Central Alaska
ci,15270761,2,33.1517,-115.6393,1.2,1,23,Southern California
ci,15270753,2,33.1522,-115.6408,1.3,1.7,29,Southern California
ak,10633536,2,55.2544,-134.7141,2.8,20,11,Southeastern Alaska
nc,71916211,2,38.4182,-119.2945,2.2,7,35,Central California
ak,10633535,2,62.6347,-137.0706,1.7,25.1,7,"Southern Yukon Territory, Canada"
ci,15270745,2,33.1463,-115.6295,1.2,1.8,23,Southern California
ak,10632169,2,63.5682,-147.3488,1.9,4.8,32,Central Alaska
ak,10633533,2,55.6251,-135.2886,3,20,6,off the coast of Southeastern Alaska
us,c000ek9z,5,45.6759,154.0767,4.9,27.2,162,east of the Kuril Islands
ak,10633532,2,62.1494,-152.1883,1.6,113.4,14,Central Alaska
nc,71916186,1,38.8112,-122.7952,1.1,3.3,22,Northern California
ak,10632151,2,62.9553,-149.1128,2,84.7,37,Central Alaska
ak,10632146,2,51.7528,-174.4145,2.2,34.4,17,"Andreanof Islands, Aleutian Islands, Alaska"
mb,13088414,2,45.6123,-111.7403,2.2,8.8,37,western Montana
us,c000ek91,5,17.1354,-94.9937,5.1,65.3,203,"Oaxaca, Mexico"
ak,10633529,2,58.5471,-136.9478,1.7,4.6,10,Southeastern Alaska
us,c000ek8z,6,-22.8753,-66.102,4.9,252.6,27,"Jujuy, Argentina"
ak,10633528,2,55.4428,-135.0025,2.5,20,8,off the coast of Southeastern Alaska
ak,10633527,2,55.6771,-135.1861,2.5,20,7,off the coast of Southeastern Alaska
nc,71916166,2,36.0068,-121.4533,1.6,6.3,11,Central California
ak,10633526,2,55.7073,-135.1082,2.7,20,8,off the coast of Southeastern Alaska
nc,71916161,2,36.7235,-121.2352,1.3,6.4,31,Central California
ci,15270729,2,34.0485,-117.253,1.1,16.9,50,"Greater Los Angeles area, California"
pr,13006004,0,18.4724,-67.3994,2.4,21,8,"Mona Passage, Puerto Rico"
nc,71916156,2,36.5007,-121.081,1.1,4.9,17,Central California
ak,10632125,3,51.4609,-178.1353,1.8,13.1,13,"Andreanof Islands, Aleutian Islands, Alaska"
ak,10633524,2,58.4688,-153.8201,2.1,70.1,9,"Kodiak Island region, Alaska"
us,c000ek85,A,-26.2662,178.3941,5.1,634,119,south of the Fiji Islands
nc,71916141,3,37.423,-121.7677,2.6,6.6,145,"San Francisco Bay area, California"
ak,10633523,2,63.3552,-150.3736,1.2,112.2,14,Central Alaska
ak,10633522,2,55.3832,-134.8838,2.6,20,10,Southeastern Alaska
ak,10633521,2,63.2033,-150.6668,1.3,119.8,13,Central Alaska
ak,10633520,2,63.2357,-150.627,1.3,117.4,11,Central Alaska
us,2013kbar,4,29.9635,57.6047,4.1,10,17,southern Iran
ci,15270721,2,32.3243,-115.3447,2.3,8.3,20,"Baja California, Mexico"
nc,71916131,3,39.9535,-120.8587,1.6,9.2,11,Northern California
nc,71916111,3,38.7937,-122.7988,1.1,4,47,Northern California
ak,10632111,2,63.1147,-151.4123,1.2,13,17,Central Alaska
us,2013kbaq,5,-17.7506,-72.1091,4.7,87.9,19,near the coast of southern Peru
ak,10633517,2,59.0931,-152.8131,2.2,63.2,29,Southern Alaska
uw,60489792,2,47.6418,-120.3765,1,5.2,6,Washington
ak,10632108,2,53.5934,-165.46,2,40.7,12,"Fox Islands, Aleutian Islands, Alaska"
ak,10633515,2,63.8321,-148.4835,1.2,105.2,13,Central Alaska
ak,10633514,2,55.4797,-134.9433,3.3,20,12,Southeastern Alaska
ak,10633513,2,55.4511,-135.0109,2.3,20,7,off the coast of Southeastern Alaska
ak,10633511,2,55.3522,-134.5934,2.6,20,8,Southeastern Alaska
ak,10633510,2,62.8499,-149.5222,1.2,77.8,17,Central Alaska
pr,13006003,0,18.0538,-64.0418,2.7,28,5,Virgin Islands region
pr,13006002,0,18.3397,-64.0625,2.8,52,5,Virgin Islands region
ak,10633509,2,55.5179,-135.066,2.8,20,10,off the coast of Southeastern Alaska
nc,71916086,3,39.9887,-120.5647,1.3,13,11,Northern California
ak,10633508,2,62.251,-149.7189,1.2,51.1,16,Central Alaska
ak,10633507,2,55.4487,-135.3281,3.8,20,15,off the coast of Southeastern Alaska
nc,71916076,2,40.3197,-124.5683,2.4,21.7,27,offshore Northern California
ak,10633506,2,61.5965,-141.1869,2,3.6,17,Southern Alaska
us,c000ek6m,7,-24.2873,-67.0469,4.3,184.5,18,"Salta, Argentina"
ak,10633505,2,60.4226,-147.4135,1.6,10.7,21,Southern Alaska
ak,10633504,2,55.5542,-135.1324,2.9,20,10,off the coast of Southeastern Alaska
ak,10633503,2,55.4825,-135.3939,2.5,20,9,off the coast of Southeastern Alaska
ak,10632101,2,62.0824,-145.2357,1.7,23,23,Central Alaska
nc,71916071,4,39.799,-123.1897,1.6,9.1,33,Northern California
ak,10633501,2,55.4214,-134.4942,2.2,10.9,6,Southeastern Alaska
nc,71916061,3,39.7935,-123.1842,1.6,7.1,32,Northern California
uu,60009592,6,44.3992,-110.508,1.1,2.4,12,"Yellowstone National Park, Wyoming"
ak,10632092,3,60.0621,-153.3177,2.6,144.3,47,Southern Alaska
us,c000ek6c,9,1.0963,127.4821,5.4,149.9,103,"Halmahera, Indonesia"
ak,10633497,2,55.3344,-134.6637,2.3,12.4,8,Southeastern Alaska
uu,60009577,2,44.3957,-110.5062,1.1,2.2,11,"Yellowstone National Park, Wyoming"
ak,10633496,2,55.5744,-135.0396,3.1,19,11,off the coast of Southeastern Alaska
us,c000ek68,6,1.8626,89.6626,4.8,13.7,57,North Indian Ocean
us,c000ek66,A,-17.1909,-174.1568,4.6,100.8,120,Tonga
uu,60009572,2,39.1402,-111.5722,1.3,5.5,5,Utah
ak,10632082,2,59.8626,-152.8887,2.6,100.6,54,Southern Alaska
nc,71916031,1,38.8238,-122.7972,1.5,3.2,29,Northern California
pr,13006001,0,18.5216,-64.2565,2.5,12,5,Virgin Islands region
ak,10633494,2,55.4609,-134.9222,2.8,20,10,Southeastern Alaska
ak,10632079,2,51.4763,-177.1466,1.7,19.6,17,"Andreanof Islands, Aleutian Islands, Alaska"
ak,10633492,2,55.2854,-134.5862,2.7,20,8,Southeastern Alaska
ak,10633491,2,54.6145,-161.7838,1.9,21.2,6,Alaska Peninsula
ak,10633490,2,56.0185,-135.3434,2.9,20,9,Southeastern Alaska
ak,10632072,2,61.2485,-150.8334,2.2,54.7,42,Southern Alaska
nc,71916021,2,36.537,-121.121,1.1,3.9,21,Central California
uu,60009547,5,44.3925,-110.5092,1.9,3.4,23,"Yellowstone National Park, Wyoming"
ak,10633488,2,52.589,-169.2002,2.5,18.2,6,"Fox Islands, Aleutian Islands, Alaska"
uu,60009537,4,44.396,-110.507,2,2.7,16,"Yellowstone National Park, Wyoming"
uu,60009532,2,44.3923,-110.513,1.2,3.6,13,"Yellowstone National Park, Wyoming"
uu,60009527,2,44.3962,-110.5082,1,2.7,11,"Yellowstone National Park, Wyoming"
ak,10632070,2,51.5449,-178.2224,1.6,32.2,15,"Andreanof Islands, Aleutian Islands, Alaska"
uu,60009522,4,44.4042,-110.5128,1.2,1.7,14,"Yellowstone National Park, Wyoming"
ak,10632068,2,65.0091,-148.815,1,10.1,13,northern Alaska
uu,60009512,3,44.4038,-110.5063,1.3,1.7,11,"Yellowstone National Park, Wyoming"
ak,10633485,2,55.0462,-160.2862,1.7,21.1,6,Alaska Peninsula
uw,60489782,2,48.8003,-122.7717,1.6,19.3,19,"Strait of Georgia, Washington"
pr,13006000,0,18.3715,-68.3677,3.4,97,14,"Mona Passage, Dominican Republic"
us,c000ek59,5,55.8098,-135.0901,4.5,10.1,199,off the coast of Southeastern Alaska
uu,60009502,5,44.4013,-110.5052,1.3,2.2,14,"Yellowstone National Park, Wyoming"
ci,15270689,2,33.245,-116.343,1.5,13.7,80,Southern California
ak,10632055,2,63.1046,-150.8818,1.8,131.3,24,Central Alaska
ak,10633482,2,60.1044,-153.158,2.3,143.2,29,Southern Alaska
ci,15270681,2,33.2423,-116.3442,2.8,14.1,170,Southern California
ak,10633480,2,55.1906,-134.609,2.4,20,7,Southeastern Alaska
us,c000ek56,3,37.5988,142.077,4.7,35,159,"off the east coast of Honshu, Japan"
uu,60009497,5,44.4017,-110.5045,1.6,1.9,13,"Yellowstone National Park, Wyoming"
uu,60009492,5,44.4035,-110.5038,1,1.9,10,"Yellowstone National Park, Wyoming"
ak,10633478,2,55.5732,-134.9231,2.4,20,6,Southeastern Alaska
hv,60447511,2,19.3648,-155.4113,2.5,10.8,44,"Island of Hawaii, Hawaii"
uu,60009487,4,44.3933,-110.5045,1.2,2.9,13,"Yellowstone National Park, Wyoming"
nn,398810,9,37.1642,-117.3847,1.4,12,13,Nevada
uu,60009477,4,44.3922,-110.5042,1.4,3.6,15,"Yellowstone National Park, Wyoming"
ak,10633476,2,55.3819,-135.0672,2.6,20,7,off the coast of Southeastern Alaska
ak,10633475,2,55.5997,-134.9666,2.9,20,10,Southeastern Alaska
ci,15270673,2,33.9448,-118.8617,1.8,8.9,29,"Channel Islands region, California"
ak,10633474,2,55.6429,-134.9909,2.7,20,6,Southeastern Alaska
ak,10633473,2,51.399,-174.3559,1.8,10.1,7,"Andreanof Islands, Aleutian Islands, Alaska"
ak,10633472,2,63.847,-148.7472,1,10.5,18,Central Alaska
ak,10632029,3,51.6255,-175.1635,1.9,25.5,13,"Andreanof Islands, Aleutian Islands, Alaska"
uw,60489682,3,48.3152,-122.626,1.7,27.8,38,"Puget Sound region, Washington"
ak,10633470,2,55.6303,-134.948,2.8,20,8,Southeastern Alaska
ak,10633469,2,55.4568,-135.1057,3.5,10.5,16,off the coast of Southeastern Alaska
nc,71915976,2,37.3847,-118.555,1,8.2,28,Central California
ak,10633467,2,55.9989,-135.1516,3,17.6,13,off the coast of Southeastern Alaska
ak,10633466,2,56.0583,-135.4062,2.6,20,8,Southeastern Alaska
nc,71915956,0,38.8432,-122.8217,1.1,3.3,22,Northern California
ak,10632019,3,62.9732,-150.7692,1.4,108.7,14,Central Alaska
uu,60009472,2,44.4003,-110.5038,1,2.4,13,"Yellowstone National Park, Wyoming"
ak,10633463,2,55.5963,-135.3443,2.7,19.5,10,off the coast of Southeastern Alaska
ak,10633462,2,55.5072,-135.5123,2.4,20,7,off the coast of Southeastern Alaska
ak,10633461,2,63.0522,-151.5295,1.1,11.8,11,Central Alaska
ak,10632016,2,51.5454,-177.5436,1.8,40.1,12,"Andreanof Islands, Aleutian Islands, Alaska"
uu,60009467,2,44.4082,-110.5012,1,1.2,11,"Yellowstone National Park, Wyoming"
uu,60009457,4,44.3963,-110.5045,1.2,3,13,"Yellowstone National Park, Wyoming"
uu,60009452,2,44.4022,-110.5033,1,2.5,11,"Yellowstone National Park, Wyoming"
ak,10632014,2,51.4822,-175.716,2,38.7,14,"Andreanof Islands, Aleutian Islands, Alaska"
uw,60489632,3,48.3215,-122.6138,1.7,28.5,34,"Puget Sound region, Washington"
ak,10633458,2,61.7156,-147.3859,1.2,34.2,14,Southern Alaska
hv,60447491,5,19.4342,-155.2587,2.6,1.6,44,"Island of Hawaii, Hawaii"
ak,10632010,2,62.9872,-148.8447,1.2,69.9,17,Central Alaska
uu,60009442,4,44.4012,-110.5045,1.9,1.9,16,"Yellowstone National Park, Wyoming"
ak,10633456,2,55.7584,-134.9746,3.2,20,21,Southeastern Alaska
ak,10633455,2,62.4247,-148.7498,1,46.6,16,Central Alaska
ak,10632004,2,62.3635,-148.9459,1.6,44,22,Central Alaska
nm,010613a,A,36.2916,-89.4772,1.5,5.9,9,Tennessee
ak,10633453,2,55.4746,-135.1683,2.5,20,7,off the coast of Southeastern Alaska
uu,60009432,4,44.3945,-110.5047,1.8,3.7,17,"Yellowstone National Park, Wyoming"
ak,10632003,2,52.503,-167.4994,3,5.1,15,"Fox Islands, Aleutian Islands, Alaska"
uu,60009427,5,44.3973,-110.5038,1,3,14,"Yellowstone National Park, Wyoming"
uu,60009417,4,44.3968,-110.504,1.2,3.2,15,"Yellowstone National Park, Wyoming"
ak,10633451,2,55.577,-134.77,2.7,4.5,9,Southeastern Alaska
ci,15270649,2,33.155,-115.6365,1,0.2,29,Southern California
uu,60009412,4,44.6587,-110.4093,1.5,6.3,13,"Yellowstone National Park, Wyoming"
ak,10633449,2,63.211,-151.3448,1,7.7,10,Central Alaska
ak,10633448,2,55.5759,-135.1762,2.8,20,9,off the coast of Southeastern Alaska
ak,10631997,2,63.1603,-149.3051,1.2,17.2,18,Central Alaska
ak,10633446,2,56.0308,-135.2652,2.2,20,7,Southeastern Alaska
ak,10633445,2,60.2156,-152.8428,2.3,122.4,25,Southern Alaska
nn,398804,9,38.4134,-118.739,2,0,13,Nevada
ak,10631993,2,65.1161,-149.2931,1.1,3.7,9,northern Alaska
us,c000ek3q,4,35.2609,141.1244,4.3,26.6,21,"near the east coast of Honshu, Japan"
ak,10631986,2,59.1003,-153.5844,2.8,105.6,32,Southern Alaska
ak,10633441,2,55.4777,-135.0335,2.9,20,12,off the coast of Southeastern Alaska
ak,10633440,2,55.639,-135.0427,3.2,20,14,off the coast of Southeastern Alaska
ak,10631982,2,63.0377,-149.1853,1.7,74.5,21,Central Alaska
nc,71915876,3,36.62,-121.2307,1.8,5.9,48,Central California
ak,10633438,2,55.3336,-134.6472,2.7,14.4,10,Southeastern Alaska
ak,10631978,2,59.9972,-152.1517,2.1,80.6,27,Southern Alaska
ak,10631976,2,63.4331,-147.5468,1,14.6,12,Central Alaska
ak,10633435,2,55.5369,-134.751,3.1,20,12,Southeastern Alaska
ak,10631973,2,52.8796,-174.1725,2,13.3,6,"Andreanof Islands, Aleutian Islands, Alaska"
ak,10633433,2,62.73,-151.9265,1.4,13.7,12,Central Alaska
nc,71915861,0,38.836,-122.7843,1.1,2,13,Northern California
ak,10633432,2,55.6565,-134.9801,2.6,20,7,Southeastern Alaska
ak,10631962,2,54.4668,-161.6908,3,17,14,Alaska Peninsula
ak,10633430,2,55.3997,-134.9396,3.2,20,13,Southeastern Alaska
ak,10636699,2,55.4331,-134.9399,2.7,20,6,Southeastern Alaska
ak,10636697,2,60.7624,-150.4719,1.5,46.2,12,"Kenai Peninsula, Alaska"
ak,10636696,2,63.296,-149.5934,1.2,85.9,10,Central Alaska
ak,10636695,2,55.5642,-134.9396,2.9,20,8,Southeastern Alaska
ak,10636694,2,63.0733,-151.7597,1.1,19.3,7,Central Alaska
nc,71915836,1,38.8193,-122.795,1.5,4,34,Northern California
ak,10631802,3,54.115,-165.9967,1.3,6.7,13,"Fox Islands, Aleutian Islands, Alaska"
ak,10636692,2,55.6015,-134.9314,2.5,20,9,Southeastern Alaska
ak,10636691,2,52.7355,-169.4903,2.3,6.6,7,"Fox Islands, Aleutian Islands, Alaska"
us,c000ek17,6,44.1014,146.8489,4.6,102.4,153,Kuril Islands
ak,10636690,2,55.5883,-135.0547,3.2,20,12,off the coast of Southeastern Alaska
ak,10631969,3,62.2735,-149.5358,1.4,53.2,16,Central Alaska
ak,10631794,3,51.4817,-176.1561,2,26.8,15,"Andreanof Islands, Aleutian Islands, Alaska"
ak,10636687,2,60.4062,-148.3471,1.5,4.8,10,"Kenai Peninsula, Alaska"
ak,10631789,2,64.5252,-151.3103,1.5,13,10,Central Alaska
us,c000ek0i,6,55.3116,-134.7276,4,9.9,81,Southeastern Alaska
ak,10636684,2,53.2942,-167.2919,2,55,12,"Fox Islands, Aleutian Islands, Alaska"
ak,10636683,2,55.4375,-134.7142,2.7,20,8,Southeastern Alaska
ak,10636682,2,55.8668,-134.9697,2.1,10,5,Southeastern Alaska
us,c000ejzq,7,36.3921,142.9928,4.6,30.7,92,"off the east coast of Honshu, Japan"
ak,10636681,2,55.4689,-135.311,2.7,10,4,off the coast of Southeastern Alaska
ak,10631776,3,55.4611,-135.3817,4.2,10.4,22,off the coast of Southeastern Alaska
ak,10636679,2,55.8116,-134.9622,2.9,10,7,Southeastern Alaska
ak,10636678,2,55.6674,-134.7293,2.4,2.3,7,Southeastern Alaska
ak,10636677,2,55.5115,-135.3832,2.4,1,7,off the coast of Southeastern Alaska
ci,15270569,2,33.3873,-116.3855,1,5.5,52,Southern California
ak,10636675,2,51.7622,-175.8648,1.9,59.4,9,"Andreanof Islands, Aleutian Islands, Alaska"
ak,10636675,2,51.7622,-175.8648,8.9,59.4,9,"Acme Islands, FOR TEST PURPOSES"
